Waveform,p_for_S,p_for_Se,OSR,DAC_clock_MHz,R,Required_bits,THD_percent,Weighted_error_percent
S,3,4,16,8,4,3,5.66478937820402,1.19500017415266
S,3,4,16,8,5,3,6.00865916916908,1.17162175367039
S,3,4,16,8,6,3,7.33964521509042,1.76709850054483
S,3,4,16,8,7,3,3.39405314769393,1.33849862256331
S,3,4,16,8,8,4,3.40917779391691,0.650560289278003
S,3,4,16,8,9,4,2.42512348184828,0.538398433399329
S,3,4,16,8,10,4,4.41332955687586,1.08979131492472
S,3,4,16,8,11,4,5.32211388827918,1.49554716817609
S,3,4,16,8,12,4,3.92435462171586,0.572659222702636
S,3,4,16,8,13,4,4.56532034568224,0.684746405958645
S,3,4,16,8,14,4,4.14880853674868,0.575191125125459
S,3,4,16,8,15,4,4.88709895666915,0.998687735338014
S,3,4,16,8,16,5,5.48366281348597,1.32136952016111
S,3,4,16,8,17,5,4.31219432164168,0.552114166520864
S,3,4,16,8,18,5,4.85098204801047,0.800118077368226
S,3,4,16,8,19,5,5.04344387892531,0.834912180326305
S,3,4,16,8,20,5,4.41332955687586,1.08979131492472
S,3,4,16,8,21,5,3.8634481634527,0.587722890505726
S,3,4,16,8,22,5,3.80933024293728,0.521554203969333
S,3,4,16,8,23,5,4.38608902273416,0.850210553225638
S,3,4,16,8,24,5,4.58045588472634,0.810148192895991
S,3,4,16,8,25,5,4.71648731483857,1.05886265127616
S,3,4,16,8,26,5,4.56532034568224,0.684746405958645
S,3,4,16,8,27,5,4.31664892712764,0.540823325060489
S,3,4,16,8,28,5,4.6645767639573,0.896786220660704
S,3,4,16,8,29,5,4.63333327581158,0.853920787174797
S,3,4,16,8,30,5,4.39741422339722,0.514801010053454
S,3,4,16,8,31,5,4.8506482852098,0.760640342326661
S,3,4,16,8,32,6,4.82256684031833,0.734797033874062
S,3,4,16,8,33,6,4.40883448545003,0.970094694774036
S,3,4,16,8,34,6,4.35391971156658,0.885244777962954
S,3,4,16,8,35,6,3.95251515223591,0.541763759462978
S,3,4,16,8,36,6,4.5867996779536,0.782635733841211
S,3,4,16,8,37,6,4.56562034777885,0.7656535192707
S,3,4,16,8,38,6,4.57881663959878,0.923961652788138
S,3,4,16,8,39,6,4.5579305805579,0.886992703412257
S,3,4,16,8,40,6,4.33924011063692,0.569849269529169
S,3,4,16,8,41,6,4.58704015212437,0.822049693218866
S,3,4,16,8,42,6,4.76539127864851,0.776111138630941
S,3,4,16,8,43,6,4.7391378544852,0.931647628814354
S,3,4,16,8,44,6,4.36122977438292,0.519745075164973
S,3,4,16,8,45,6,4.74356408451762,0.711415856277002
S,3,4,16,8,46,6,4.38608902273416,0.850210553225638
S,3,4,16,8,47,6,4.57567444468136,0.803739894417616
S,3,4,16,8,48,6,4.56616995870655,0.991578784827837
S,3,4,16,8,49,6,4.00352924702583,0.537243311052561
S,3,4,16,8,50,6,4.56670226993025,0.751508892914906
S,3,4,16,8,51,6,4.53734064286085,0.850260717551954
S,3,4,16,8,52,6,4.51653593430767,0.842858798114116
S,3,4,16,8,53,6,4.66387470914559,0.940407795901605
S,3,4,16,8,54,6,4.31664892712764,0.540823325060489
S,3,4,16,8,55,6,4.71855198135085,0.76268670231408
S,3,4,16,8,56,6,4.6645767639573,0.896786220660704
S,3,4,16,8,57,6,4.64439493816732,0.85021073460395
S,3,4,16,8,58,6,4.71362512717036,0.730847603702258
S,3,4,16,8,59,6,4.70140562981387,0.714394040658151
S,3,4,16,8,60,6,4.57123941241942,0.780583314515815
S,3,4,16,8,61,6,4.50730202467578,0.910508750667548
S,3,4,16,8,62,6,4.48762864832895,0.863450875704544
S,3,4,16,8,63,6,4.5521045788412,0.70171789230076
S,3,4,16,8,64,7,4.5637053012745,0.740754994971919
S,3,4,16,8,65,7,4.70064688367509,0.785748799235393
S,3,4,16,8,66,7,4.61437493557833,0.910265067792081
S,3,4,16,8,67,7,4.33325079403183,0.566071518514839
S,3,4,16,8,68,7,4.69095173858925,0.754576404519557
S,3,4,16,8,69,7,4.68406097724131,0.749863503230189
S,3,4,16,8,70,7,4.60189101600877,0.830980070096944
S,3,4,16,8,71,7,4.70928118299381,0.9169177621121
S,3,4,16,8,72,7,4.67333234072027,0.702650282951292
S,3,4,16,8,73,7,4.57146651934604,0.769360353511334
S,3,4,16,8,74,7,4.56562034777885,0.7656535192707
S,3,4,16,8,75,7,4.47341293436881,0.839226253242878
S,3,4,16,8,76,7,4.57881663959878,0.923961652788138
S,3,4,16,8,77,7,4.56521716664259,0.738019104312548
S,3,4,16,8,78,7,4.67830007813327,0.77424789659916
S,3,4,16,8,79,7,4.67112892278514,0.77035541509837
S,3,4,16,8,80,7,4.56705970242729,0.845009889348152
S,3,4,16,8,81,7,4.67321978721723,0.749598484512516
S,3,4,16,8,82,7,4.66588581382584,0.744252560746968
S,3,4,16,8,83,7,4.7737146873853,0.781694914754583
S,3,4,16,8,84,7,4.76539127864851,0.776111138630941
S,3,4,16,8,85,7,4.65072332721464,0.852901220549436
S,3,4,16,8,86,7,4.57200786131832,0.760158493592894
S,3,4,16,8,87,7,4.56510511277653,0.754869708656658
S,3,4,16,8,88,7,4.67095865149154,0.791797061582749
S,3,4,16,8,89,7,4.6638069999523,0.78837602577908
S,3,4,16,8,90,7,4.56647376519319,0.73440297727754
S,3,4,16,8,91,7,4.66313882011985,0.765566454545383
S,3,4,16,8,92,7,4.65654251842772,0.762302137834252
S,3,4,16,8,93,7,4.5466804450947,0.834661107830723
S,3,4,16,8,94,7,4.74852956234583,0.791837786557012
S,3,4,16,8,95,7,4.65330079444053,0.740570948044676
S,3,4,16,8,96,7,4.74608959415716,0.773130152292009
S,3,4,16,8,97,7,4.73865299944022,0.767974619195822
S,3,4,16,8,98,7,4.61936515585156,0.839231880003934
S,3,4,16,8,99,7,4.65930089928693,0.802793803200022
S,3,4,16,8,100,7,4.56670226993025,0.751508892914906
S,3,4,16,8,101,7,4.65742494651007,0.781529188569732
S,3,4,16,8,102,7,4.65005881909385,0.776072408031485
S,3,4,16,8,103,7,4.52580789564603,0.846154036865146
S,3,4,16,8,104,7,4.56519582721806,0.729356666944341
S,3,4,16,8,105,7,4.64593137479088,0.758189028154859
S,3,4,16,8,106,7,4.73278834953923,0.785170186259014
S,3,4,16,8,107,7,4.72521610031387,0.780345949958921
S,3,4,16,8,108,7,4.59280369909198,0.851388080176019
S,3,4,16,8,109,7,4.64066909968068,0.736447973668405
S,3,4,16,8,110,7,4.71855198135085,0.76268670231408
S,3,4,16,8,111,7,4.59591677063009,0.828211328647948
S,3,4,16,8,112,7,4.64678691558359,0.789691272559196
S,3,4,16,8,113,7,4.50820522188601,0.853882962427377
S,3,4,16,8,114,7,4.56407448187544,0.743604274581438
S,3,4,16,8,115,7,4.64148158922284,0.772596937615654
S,3,4,16,8,116,7,4.51352094158258,0.834405666242394
S,3,4,16,8,117,7,4.71552877024602,0.792628694231514
S,3,4,16,8,118,7,4.63801520429981,0.752753799374035
S,3,4,16,8,119,7,4.63438874555509,0.750362245685978
S,3,4,16,8,120,7,4.70842957703363,0.776087286681797
S,3,4,16,8,121,7,4.57377479728031,0.839967662667429
S,3,4,16,8,122,7,4.56486182764834,0.833888657445087
S,3,4,16,8,123,7,4.70294312252478,0.756563988037637
S,3,4,16,8,124,7,4.69900062139919,0.755309354410335
S,3,4,16,8,125,7,4.63806474242694,0.782466462892162
S,3,4,16,8,126,7,4.49934933236502,0.845399821766476
S,3,4,16,8,127,7,4.56555306071277,0.744217336669677
S,3,4,16,8,128,8,4.63405957976001,0.76537236020723
Se,3,4,16,8,4,3,2.28076183678288,0.959929306697457
Se,3,4,16,8,5,3,6.97920155777594,2.55380390993035
Se,3,4,16,8,6,3,2.07690060296569,0.806883057882207
Se,3,4,16,8,7,3,2.62802256223672,0.462589012657867
Se,3,4,16,8,8,4,2.0769009303816,0.806883184390222
Se,3,4,16,8,9,4,2.22553499605303,0.556255285260212
Se,3,4,16,8,10,4,1.11216713312288,0.453633849282176
Se,3,4,16,8,11,4,1.87397691060261,0.485003806497838
Se,3,4,16,8,12,4,2.07690060296569,0.806883057882207
Se,3,4,16,8,13,4,1.62911111428221,0.479021621156747
Se,3,4,16,8,14,4,1.56189968830638,0.632421865928005
Se,3,4,16,8,15,4,1.38519346318644,0.305096936254747
Se,3,4,16,8,16,5,0.903391658097461,0.370082248997818
Se,3,4,16,8,17,5,2.00693457997776,0.725758669732052
Se,3,4,16,8,18,5,1.26990847519889,0.454700012603602
Se,3,4,16,8,19,5,1.11022022871911,0.277602150198156
Se,3,4,16,8,20,5,0.481362791687878,0.199829016360663
Se,3,4,16,8,21,5,1.4565720718533,0.540568581054741
Se,3,4,16,8,22,5,0.268106221592521,0.0888777917285097
Se,3,4,16,8,23,5,1.08968806044398,0.362400150611473
Se,3,4,16,8,24,5,0.494383992645883,0.164880323181311
Se,3,4,16,8,25,5,1.11278964403304,0.361296688276531
Se,3,4,16,8,26,5,0.243401156002383,0.0946996168973394
Se,3,4,16,8,27,5,0.839494000774689,0.26176242614933
Se,3,4,16,8,28,5,0.481362773560466,0.199829008913569
Se,3,4,16,8,29,5,0.696008659007627,0.153179464865757
Se,3,4,16,8,30,5,0.623992897546293,0.227006894578352
Se,3,4,16,8,31,5,1.21715572512392,0.449435421240792
Se,3,4,16,8,32,6,0.547962919317159,0.204818869268083
Se,3,4,16,8,33,6,0.613356384419287,0.12452619638106
Se,3,4,16,8,34,6,0.443177576473202,0.188090730176947
Se,3,4,16,8,35,6,0.638897711609153,0.19149530072882
Se,3,4,16,8,36,6,0.243401157956556,0.094699617174989
Se,3,4,16,8,37,6,0.770550947780362,0.265228318533837
Se,3,4,16,8,38,6,0.785241918060316,0.29715827509868
Se,3,4,16,8,39,6,0.638815665697449,0.209553764285033
Se,3,4,16,8,40,6,0.481362791687878,0.199829016360663
Se,3,4,16,8,41,6,0.532679568238103,0.139083145286635
Se,3,4,16,8,42,6,0.274026260120343,0.101314716653126
Se,3,4,16,8,43,6,0.737151693229606,0.271112305435852
Se,3,4,16,8,44,6,0.268106221592521,0.0888777917285097
Se,3,4,16,8,45,6,0.535645793956422,0.163758916827165
Se,3,4,16,8,46,6,0.221195055714406,0.071440481823625
Se,3,4,16,8,47,6,0.600226024913949,0.213952844893456
Se,3,4,16,8,48,6,0.172202306954787,0.0511535946059609
Se,3,4,16,8,49,6,0.487218254882508,0.141247435066606
Se,3,4,16,8,50,6,0.549634524689243,0.205612249599702
Se,3,4,16,8,51,6,0.450430898219118,0.125632753680469
Se,3,4,16,8,52,6,0.243401156002383,0.0946996168973394
Se,3,4,16,8,53,6,0.437686603805503,0.125581397874891
Se,3,4,16,8,54,6,0.333407143438236,0.125687275564496
Se,3,4,16,8,55,6,0.375260389493722,0.0610125627682358
Se,3,4,16,8,56,6,0.292176456092453,0.103380704750944
Se,3,4,16,8,57,6,0.422519552675979,0.134404530904638
Se,3,4,16,8,58,6,0.23013044322986,0.0846870026031533
Se,3,4,16,8,59,6,0.382854707403377,0.111441298958432
Se,3,4,16,8,60,6,0.499181211140899,0.194223065732873
Se,3,4,16,8,61,6,0.409139277378984,0.135049588105958
Se,3,4,16,8,62,6,0.156769606749733,0.0331162421837617
Se,3,4,16,8,63,6,0.425340239273002,0.144707745475952
Se,3,4,16,8,64,7,0.221195053096605,0.0714404803992323
Se,3,4,16,8,65,7,0.442276760581837,0.163921908116117
Se,3,4,16,8,66,7,0.284169347998419,0.109107661046544
Se,3,4,16,8,67,7,0.359022393462825,0.103466643713492
Se,3,4,16,8,68,7,0.172202308071758,0.0511535954180821
Se,3,4,16,8,69,7,0.429135231446289,0.158080484073735
Se,3,4,16,8,70,7,0.184214190697184,0.0532744365368238
Se,3,4,16,8,71,7,0.360692448672364,0.121627738813587
Se,3,4,16,8,72,7,0.193969356913269,0.0455355563798411
Se,3,4,16,8,73,7,0.43370960076499,0.153730447025682
Se,3,4,16,8,74,7,0.182233143710054,0.0521730621171311
Se,3,4,16,8,75,7,0.311227024206493,0.0822091200215323
Se,3,4,16,8,76,7,0.333407151278858,0.125687279094167
Se,3,4,16,8,77,7,0.297179296126879,0.0611300875003054
Se,3,4,16,8,78,7,0.248518501282517,0.0913737011432491
Se,3,4,16,8,79,7,0.308846054188525,0.0787002780309519
Se,3,4,16,8,80,7,0.292176450708679,0.103380702781333
Se,3,4,16,8,81,7,0.28480680505322,0.0648313698885478
Se,3,4,16,8,82,7,0.195855667753903,0.0654453517700505
Se,3,4,16,8,83,7,0.320880090764256,0.106704912590575
Se,3,4,16,8,84,7,0.163965493113753,0.0383384897067485
Se,3,4,16,8,85,7,0.338604393468809,0.11313862970834
Se,3,4,16,8,86,7,0.407582019313416,0.153143653136704
Se,3,4,16,8,87,7,0.332654637800858,0.112118777997343
Se,3,4,16,8,88,7,0.156769606540299,0.0331162421142458
Se,3,4,16,8,89,7,0.298332517879207,0.0979594616920601
Se,3,4,16,8,90,7,0.198355829394048,0.0675856373394423
Se,3,4,16,8,91,7,0.26647108570971,0.0688889572860356
Se,3,4,16,8,92,7,0.417000559075226,0.158326801173505
Se,3,4,16,8,93,7,0.300439104749951,0.0975038778632638
Se,3,4,16,8,94,7,0.158524730128913,0.0287585662288296
Se,3,4,16,8,95,7,0.306179246621693,0.106779634629062
Se,3,4,16,8,96,7,0.172202306954787,0.0511535946059609
Se,3,4,16,8,97,7,0.262322100046484,0.0713712417455981
Se,3,4,16,8,98,7,0.280595319923095,0.10035927629489
Se,3,4,16,8,99,7,0.265364991822994,0.0672809868427954
Se,3,4,16,8,100,7,0.193767437901382,0.0604658278079336
Se,3,4,16,8,101,7,0.246916792557068,0.0551092722421884
Se,3,4,16,8,102,7,0.240991626620974,0.089087430835237
Se,3,4,16,8,103,7,0.242331633622927,0.055537850589746
Se,3,4,16,8,104,7,0.182233145000867,0.0521730621321599
Se,3,4,16,8,105,7,0.337703310318671,0.118984958130002
Se,3,4,16,8,106,7,0.274810776008437,0.0957366287889533
Se,3,4,16,8,107,7,0.250372632434706,0.0721069506562601
Se,3,4,16,8,108,7,0.167233491069183,0.0456627078005711
Se,3,4,16,8,109,7,0.277825761795505,0.0927500359442051
Se,3,4,16,8,110,7,0.151995973394275,0.024627195847031
Se,3,4,16,8,111,7,0.255901028054026,0.0741816832328707
Se,3,4,16,8,112,7,0.193890183714796,0.0618553588687124
Se,3,4,16,8,113,7,0.297665111460351,0.104440352607119
Se,3,4,16,8,114,7,0.167734991816521,0.0470673967774035
Se,3,4,16,8,115,7,0.240875663240019,0.0721450262579725
Se,3,4,16,8,116,7,0.195855665806361,0.0654453516263367
Se,3,4,16,8,117,7,0.221503629539006,0.0418541795419717
Se,3,4,16,8,118,7,0.201884617307582,0.063141467957123
Se,3,4,16,8,119,7,0.24055347388855,0.0746091905844137
Se,3,4,16,8,120,7,0.163965493154693,0.0383384896673204
Se,3,4,16,8,121,7,0.247169152885168,0.0774975516158829
Se,3,4,16,8,122,7,0.17586064883433,0.0499361026038268
Se,3,4,16,8,123,7,0.217835006584079,0.0461036394977261
Se,3,4,16,8,124,7,0.21508822948103,0.0732093013909229
Se,3,4,16,8,125,7,0.223862189607299,0.0559534461302003
Se,3,4,16,8,126,7,0.182638646333628,0.0585558503893255
Se,3,4,16,8,127,7,0.219708006110114,0.0478487533771374
Se,3,4,16,8,128,8,0.237147008680824,0.0814755039172978
S,7,8,32,16,4,3,3.50254635744336,0.81079652690378
S,7,8,32,16,5,3,2.07824760611486,0.519930762065591
S,7,8,32,16,6,3,3.01934769338214,0.962368825323655
S,7,8,32,16,7,3,2.5154712328544,0.439515978382545
S,7,8,32,16,8,4,2.39243384614601,0.389578780922521
S,7,8,32,16,9,4,2.24218491885024,0.649476366243553
S,7,8,32,16,10,4,2.47404709403439,0.880612302481106
S,7,8,32,16,11,4,2.00927826946443,0.213545128180067
S,7,8,32,16,12,4,2.69196083371882,0.634354067647743
S,7,8,32,16,13,4,2.45186356996857,0.600110109209833
S,7,8,32,16,14,4,2.14594971036383,0.644428092884966
S,7,8,32,16,15,4,1.92608069376779,0.335956684167695
S,7,8,32,16,16,5,1.9394590611956,0.244060583454776
S,7,8,32,16,17,5,2.19227001800906,0.396264882253001
S,7,8,32,16,18,5,2.27637344373667,0.197882171879633
S,7,8,32,16,19,5,2.12174173966985,0.207072026608061
S,7,8,32,16,20,5,2.17025004442885,0.206711588962485
S,7,8,32,16,21,5,2.30946275486195,0.231698765950077
S,7,8,32,16,22,5,2.19615842745351,0.250927485454508
S,7,8,32,16,23,5,2.16007524769382,0.207189804460561
S,7,8,32,16,24,5,2.34899716376543,0.354702882134548
S,7,8,32,16,25,5,2.22128811484852,0.425541285712137
S,7,8,32,16,26,5,2.184643099742,0.264331731523166
S,7,8,32,16,27,5,2.14795486651759,0.348833098637292
S,7,8,32,16,28,5,2.34735048941456,0.456898062458568
S,7,8,32,16,29,5,2.35386305779713,0.339851638584618
S,7,8,32,16,30,5,2.26603886324457,0.386953662752064
S,7,8,32,16,31,5,2.30236782966928,0.369106339189117
S,7,8,32,16,32,6,2.33705790144786,0.460537000131814
S,7,8,32,16,33,6,1.8969872305346,0.184883841717837
S,7,8,32,16,34,6,2.24690872947294,0.312865017234295
S,7,8,32,16,35,6,2.40279445283191,0.400123843350023
S,7,8,32,16,36,6,2.21413618305359,0.335046059665292
S,7,8,32,16,37,6,2.18682546797966,0.182483049002089
S,7,8,32,16,38,6,2.35750221151223,0.335513254395077
S,7,8,32,16,39,6,2.28423197971686,0.329335697675506
S,7,8,32,16,40,6,2.31969604544206,0.276237728753749
S,7,8,32,16,41,6,2.12999663129136,0.169898672381115
S,7,8,32,16,42,6,2.1296566299654,0.180061468608235
S,7,8,32,16,43,6,2.28054161365418,0.329094799275796
S,7,8,32,16,44,6,2.05203099582366,0.186874657795363
S,7,8,32,16,45,6,2.17485111579669,0.276871206418621
S,7,8,32,16,46,6,2.28140130782858,0.34678188136195
S,7,8,32,16,47,6,2.21244857242012,0.289666178404633
S,7,8,32,16,48,6,2.14185603558942,0.188499290572033
S,7,8,32,16,49,6,2.26088307787284,0.278959377524495
S,7,8,32,16,50,6,2.07506218889004,0.179606359007013
S,7,8,32,16,51,6,2.22400682601929,0.334200350629701
S,7,8,32,16,52,6,2.24862614245801,0.264749247351193
S,7,8,32,16,53,6,2.09912662981329,0.173040797899258
S,7,8,32,16,54,6,2.21613678545989,0.29478438958444
S,7,8,32,16,55,6,2.30015781158071,0.34282951378523
S,7,8,32,16,56,6,2.17587972344504,0.176173673361555
S,7,8,32,16,57,6,2.26346502194239,0.27147819085976
S,7,8,32,16,58,6,2.1535745932053,0.196831102529009
S,7,8,32,16,59,6,2.10594684525202,0.194987795384861
S,7,8,32,16,60,6,2.16450194282713,0.166797796909504
S,7,8,32,16,61,6,2.13338483884045,0.162275637851772
S,7,8,32,16,62,6,2.17528469635665,0.305995857210965
S,7,8,32,16,63,6,2.19665395961986,0.246322210087695
S,7,8,32,16,64,7,2.08081951943702,0.176826559806843
S,7,8,32,16,65,7,2.1678742847849,0.253728636763722
S,7,8,32,16,66,7,2.23839012703941,0.298296650824696
S,7,8,32,16,67,7,2.14298627590868,0.177714092042762
S,7,8,32,16,68,7,2.12057145701246,0.160475338679378
S,7,8,32,16,69,7,2.14497182813635,0.204753271486656
S,7,8,32,16,70,7,2.0988770639013,0.184800176077337
S,7,8,32,16,71,7,2.13385533767568,0.158447505759072
S,7,8,32,16,72,7,2.22430207414396,0.271274249005724
S,7,8,32,16,73,7,2.17971329636599,0.246235813379929
S,7,8,32,16,74,7,2.26991075857165,0.314252928322513
S,7,8,32,16,75,7,2.12644598896623,0.19550408290732
S,7,8,32,16,76,7,2.16932900725918,0.178339919461422
S,7,8,32,16,77,7,2.14686655923035,0.175315324999085
S,7,8,32,16,78,7,2.11534215695973,0.162787437849794
S,7,8,32,16,79,7,2.22276690301094,0.253695727034408
S,7,8,32,16,80,7,2.19917706591222,0.292999523292886
S,7,8,32,16,81,7,2.16499861679857,0.283314752744319
S,7,8,32,16,82,7,2.22142465121134,0.236006003400345
S,7,8,32,16,83,7,2.25614891097999,0.293511423566461
S,7,8,32,16,84,7,2.2238569882287,0.297941825366227
S,7,8,32,16,85,7,2.30659455270902,0.35131478154875
S,7,8,32,16,86,7,2.15363703582175,0.174972671554596
S,7,8,32,16,87,7,2.13442688534375,0.17599390824535
S,7,8,32,16,88,7,2.20151866622626,0.263229995478808
S,7,8,32,16,89,7,2.19433430048982,0.285455902650098
S,7,8,32,16,90,7,2.19237342710823,0.240237245606396
S,7,8,32,16,91,7,2.25677682636799,0.276679241101069
S,7,8,32,16,92,7,2.19526111987944,0.263642528365499
S,7,8,32,16,93,7,2.24066951752588,0.292500874470962
S,7,8,32,16,94,7,2.25366460790996,0.265422264537422
S,7,8,32,16,95,7,2.14130064774621,0.17105516678521
S,7,8,32,16,96,7,2.22811059410206,0.273327245762868
S,7,8,32,16,97,7,2.13321444989245,0.172436286008797
S,7,8,32,16,98,7,2.11734807173224,0.180139226009902
S,7,8,32,16,99,7,2.17699876672318,0.262161293221692
S,7,8,32,16,100,7,2.24280719529447,0.310162279221683
S,7,8,32,16,101,7,2.14918417901236,0.178221027117789
S,7,8,32,16,102,7,2.22512161968815,0.272479453073931
S,7,8,32,16,103,7,2.23670156241844,0.284823884930225
S,7,8,32,16,104,7,2.15569366044641,0.249281624214508
S,7,8,32,16,105,7,2.15375941808775,0.166197698100509
S,7,8,32,16,106,7,2.12675646434286,0.168558842530354
S,7,8,32,16,107,7,2.20077288613205,0.263081204902697
S,7,8,32,16,108,7,2.19618284340748,0.264936822822286
S,7,8,32,16,109,7,2.13541316728462,0.16988560998596
S,7,8,32,16,110,7,2.16654886841714,0.175760181110472
S,7,8,32,16,111,7,2.23894705788545,0.273050886989387
S,7,8,32,16,112,7,2.1803477600552,0.265105158162255
S,7,8,32,16,113,7,2.15456968152716,0.162385701539422
S,7,8,32,16,114,7,2.191222731727,0.238254873689637
S,7,8,32,16,115,7,2.11725345089385,0.187765644221818
S,7,8,32,16,116,7,2.13741816909076,0.172696274233698
S,7,8,32,16,117,7,2.1879680918514,0.248571817956791
S,7,8,32,16,118,7,2.18024245433519,0.262654601304163
S,7,8,32,16,119,7,2.17580450059101,0.24977221032664
S,7,8,32,16,120,7,2.22002880310083,0.22181182894642
S,7,8,32,16,121,7,2.10817356834049,0.161443591852633
S,7,8,32,16,122,7,2.16992544632053,0.247362767601419
S,7,8,32,16,123,7,2.16206529684536,0.257859574022704
S,7,8,32,16,124,7,2.14218940786464,0.153940431528403
S,7,8,32,16,125,7,2.1545095802226,0.178800079801011
S,7,8,32,16,126,7,2.12964257470243,0.169493468146929
S,7,8,32,16,127,7,2.19608669840222,0.265240723272235
S,7,8,32,16,128,8,2.19284612096297,0.218231108934319
Se,7,8,32,16,4,3,2.30096633225713,0.944566781800843
Se,7,8,32,16,5,3,3.0315874168482,1.2008270525513
Se,7,8,32,16,6,3,1.13597375069755,0.386999580173724
Se,7,8,32,16,7,3,2.34027735613104,0.887818060762704
Se,7,8,32,16,8,4,0.910531817412896,0.377318507941096
Se,7,8,32,16,9,4,1.57242577849047,0.624970467234962
Se,7,8,32,16,10,4,0.781722724139738,0.306627065738915
Se,7,8,32,16,11,4,1.49045716914952,0.620567175533469
Se,7,8,32,16,12,4,1.98196898060777,0.746033023043481
Se,7,8,32,16,13,4,0.922109216725667,0.300750406257583
Se,7,8,32,16,14,4,0.550570473218473,0.218754652254408
Se,7,8,32,16,15,4,0.794454290147876,0.277777151397796
Se,7,8,32,16,16,5,0.270287977032052,0.0924209025108795
Se,7,8,32,16,17,5,0.761207181155827,0.288374569830045
Se,7,8,32,16,18,5,0.839019635288457,0.343171877359816
Se,7,8,32,16,19,5,0.725751837946255,0.27483000223843
Se,7,8,32,16,20,5,0.581072584180416,0.246216252010793
Se,7,8,32,16,21,5,0.70188197203241,0.260548989180788
Se,7,8,32,16,22,5,0.368566518467789,0.149903160206089
Se,7,8,32,16,23,5,0.602850651860611,0.222204155737121
Se,7,8,32,16,24,5,0.241016567984144,0.0709851164291306
Se,7,8,32,16,25,5,0.976726507716198,0.361176037347438
Se,7,8,32,16,26,5,0.27011849615059,0.116877681351813
Se,7,8,32,16,27,5,0.372961163291885,0.067201825206787
Se,7,8,32,16,28,5,0.12361467913062,0.0486994231478099
Se,7,8,32,16,29,5,0.414662568609066,0.142607045346634
Se,7,8,32,16,30,5,0.181683468065943,0.0726434086859128
Se,7,8,32,16,31,5,0.749593777314752,0.311994105007269
Se,7,8,32,16,32,6,0.462536106908294,0.180026675695376
Se,7,8,32,16,33,6,0.37161898017097,0.116852981067945
Se,7,8,32,16,34,6,0.365998811782532,0.149098456141025
Se,7,8,32,16,35,6,0.487917153652161,0.181926439449087
Se,7,8,32,16,36,6,0.132882588309398,0.0571382181375937
Se,7,8,32,16,37,6,0.345231179108489,0.115575757822223
Se,7,8,32,16,38,6,0.231156130513197,0.0987799931600195
Se,7,8,32,16,39,6,0.641069899252657,0.255151470656942
Se,7,8,32,16,40,6,0.123614679618624,0.0486994232276172
Se,7,8,32,16,41,6,0.405852853150331,0.170097829419852
Se,7,8,32,16,42,6,0.1746670117148,0.0590935629925699
Se,7,8,32,16,43,6,0.293014782316898,0.0864401055811371
Se,7,8,32,16,44,6,0.368566518467789,0.149903160206089
Se,7,8,32,16,45,6,0.388217762456897,0.15569709672578
Se,7,8,32,16,46,6,0.195714237287539,0.0872595001186709
Se,7,8,32,16,47,6,0.296901363100659,0.108370317764807
Se,7,8,32,16,48,6,0.27044109126292,0.107825531410608
Se,7,8,32,16,49,6,0.247190987699825,0.082092120676651
Se,7,8,32,16,50,6,0.208871793936585,0.0832080030728318
Se,7,8,32,16,51,6,0.258947536595555,0.0895991250784306
Se,7,8,32,16,52,6,0.414619976681576,0.151692054693071
Se,7,8,32,16,53,6,0.318573928984728,0.122453134684225
Se,7,8,32,16,54,6,0.108658903887435,0.0484335672847717
Se,7,8,32,16,55,6,0.288110057684843,0.106628388756513
Se,7,8,32,16,56,6,0.328134887154578,0.127603688504792
Se,7,8,32,16,57,6,0.225117168386242,0.077110343055707
Se,7,8,32,16,58,6,0.226240868769743,0.0919005045409065
Se,7,8,32,16,59,6,0.181346745867578,0.0512708520740378
Se,7,8,32,16,60,6,0.0782104818430134,0.0278368893273198
Se,7,8,32,16,61,6,0.305723650722211,0.127162046692837
Se,7,8,32,16,62,6,0.107398005394451,0.0439858493524194
Se,7,8,32,16,63,6,0.367751069586522,0.143139380370948
Se,7,8,32,16,64,7,0.20694190943601,0.0758083644849491
Se,7,8,32,16,65,7,0.222115944763672,0.0880086062991591
Se,7,8,32,16,66,7,0.0802709863751144,0.0283421063153971
Se,7,8,32,16,67,7,0.159022811391284,0.0436629081001357
Se,7,8,32,16,68,7,0.216087086199748,0.0865434411861622
Se,7,8,32,16,69,7,0.319584538646945,0.125410938499866
Se,7,8,32,16,70,7,0.078811371839769,0.0314465802159375
Se,7,8,32,16,71,7,0.17440532152473,0.0565325082366316
Se,7,8,32,16,72,7,0.0851484578582029,0.0364704965308198
Se,7,8,32,16,73,7,0.143003395346433,0.0375798954460377
Se,7,8,32,16,74,7,0.129006931283609,0.0555894983239363
Se,7,8,32,16,75,7,0.154822438343841,0.05194270653892
Se,7,8,32,16,76,7,0.154999382944966,0.0627467811854013
Se,7,8,32,16,77,7,0.198596124390689,0.0778037635024662
Se,7,8,32,16,78,7,0.283618565478983,0.10854569053772
Se,7,8,32,16,79,7,0.172178875963449,0.0675230441340188
Se,7,8,32,16,80,7,0.126035383665393,0.04906969712833
Se,7,8,32,16,81,7,0.135609984877879,0.041732790186426
Se,7,8,32,16,82,7,0.160269483659896,0.0602793108052286
Se,7,8,32,16,83,7,0.177975077954642,0.0657488907824642
Se,7,8,32,16,84,7,0.0877800503396019,0.0330663786640626
Se,7,8,32,16,85,7,0.195598988720004,0.0764376673328556
Se,7,8,32,16,86,7,0.194413654046556,0.0793237254252265
Se,7,8,32,16,87,7,0.123136828001252,0.0347415077384082
Se,7,8,32,16,88,7,0.0727572456941579,0.0199405186782765
Se,7,8,32,16,89,7,0.134237928790712,0.0470604184885541
Se,7,8,32,16,90,7,0.0335989783537569,0.0120631956543243
Se,7,8,32,16,91,7,0.123660857672546,0.0403967997773383
Se,7,8,32,16,92,7,0.31913846660249,0.12134086710169
Se,7,8,32,16,93,7,0.149408428949659,0.0585175607597165
Se,7,8,32,16,94,7,0.0408781205733799,0.0170318008456077
Se,7,8,32,16,95,7,0.191913871690729,0.0765353845974989
Se,7,8,32,16,96,7,0.0698166937680267,0.0211011410967131
Se,7,8,32,16,97,7,0.111110189907753,0.0306531277276832
Se,7,8,32,16,98,7,0.153397100968464,0.0580572313902986
Se,7,8,32,16,99,7,0.140023015158819,0.0411282531149075
Se,7,8,32,16,100,7,0.0433011412860197,0.0169666759479083
Se,7,8,32,16,101,7,0.127401629650121,0.0468070746522058
Se,7,8,32,16,102,7,0.0746129128907107,0.0230542109425768
Se,7,8,32,16,103,7,0.10366929525522,0.0237061097797306
Se,7,8,32,16,104,7,0.0577823591818306,0.0228970496471848
Se,7,8,32,16,105,7,0.235393298440255,0.0927511054693708
Se,7,8,32,16,106,7,0.24901058862969,0.0892990560055116
Se,7,8,32,16,107,7,0.128920139402346,0.0472596703064062
Se,7,8,32,16,108,7,0.0963452666343091,0.040589533454661
Se,7,8,32,16,109,7,0.1130906751059,0.0395915607050588
Se,7,8,32,16,110,7,0.105540082317787,0.0386322261944584
Se,7,8,32,16,111,7,0.10638489048033,0.0338822412187859
Se,7,8,32,16,112,7,0.0949613562865972,0.0355137513400344
Se,7,8,32,16,113,7,0.13194103604965,0.0520824232737895
Se,7,8,32,16,114,7,0.0561440904773783,0.0175813771207589
Se,7,8,32,16,115,7,0.121109694478976,0.0442393012527171
Se,7,8,32,16,116,7,0.160269482681708,0.0602793105344195
Se,7,8,32,16,117,7,0.0873043540677424,0.0192215660888932
Se,7,8,32,16,118,7,0.142183600950308,0.0575935930811671
Se,7,8,32,16,119,7,0.129587484194729,0.051446410877046
Se,7,8,32,16,120,7,0.0820436371201749,0.0355558543624863
Se,7,8,32,16,121,7,0.0878520150834224,0.0231183683272218
Se,7,8,32,16,122,7,0.0421699901633917,0.0172150172261196
Se,7,8,32,16,123,7,0.093805535711921,0.0269983112284806
Se,7,8,32,16,124,7,0.034253059439587,0.0132380508823457
Se,7,8,32,16,125,7,0.106549777106372,0.0399824004719245
Se,7,8,32,16,126,7,0.0437549524765914,0.0143968593850075
Se,7,8,32,16,127,7,0.103942559705172,0.0253046801532619
Se,7,8,32,16,128,8,0.114408175309713,0.0462421760215273
S,15,16,64,32,4,3,2.53406500065244,1.06881138932973
S,15,16,64,32,5,3,0.960482637055474,0.312562565724057
S,15,16,64,32,6,3,1.22525261525105,0.36066803125469
S,15,16,64,32,7,3,1.21646587064743,0.242555426749126
S,15,16,64,32,8,4,0.830024864731252,0.347446677900325
S,15,16,64,32,9,4,1.02751018285332,0.2268661576157
S,15,16,64,32,10,4,0.760204987269997,0.138924839123041
S,15,16,64,32,11,4,0.974658804469923,0.181663652446464
S,15,16,64,32,12,4,0.698867562922523,0.174861190987537
S,15,16,64,32,13,4,1.14776656147794,0.31136869328372
S,15,16,64,32,14,4,0.676138219839972,0.118530235595337
S,15,16,64,32,15,4,0.759256284523916,0.117568711007487
S,15,16,64,32,16,5,1.05069328333413,0.315856024883054
S,15,16,64,32,17,5,0.770032205072711,0.0885562300576098
S,15,16,64,32,18,5,0.863594066479216,0.111106146810828
S,15,16,64,32,19,5,1.04702933280987,0.172266088898944
S,15,16,64,32,20,5,1.18395537990847,0.423230969822453
S,15,16,64,32,21,5,0.84474477509581,0.102445507131371
S,15,16,64,32,22,5,1.10686041603134,0.282948343360875
S,15,16,64,32,23,5,1.26667984697491,0.431855343907077
S,15,16,64,32,24,5,0.920358823229077,0.14212574468028
S,15,16,64,32,25,5,0.970831533925668,0.127127164282955
S,15,16,64,32,26,5,0.905249280690462,0.134735738644329
S,15,16,64,32,27,5,0.965745546960953,0.142538638927974
S,15,16,64,32,28,5,1.03726383864996,0.300500316901214
S,15,16,64,32,29,5,0.848071173212172,0.192285699585711
S,15,16,64,32,30,5,0.86793973631534,0.161338540118381
S,15,16,64,32,31,5,0.85730050902073,0.175496009364232
S,15,16,64,32,32,6,0.901121605500269,0.0678336157383049
S,15,16,64,32,33,6,0.860907086405672,0.10955689325076
S,15,16,64,32,34,6,0.956014765910629,0.148234425374021
S,15,16,64,32,35,6,0.713476723637729,0.0853601798876672
S,15,16,64,32,36,6,0.732078236154864,0.0799916304522096
S,15,16,64,32,37,6,0.772100436003112,0.073831553185059
S,15,16,64,32,38,6,0.7225279396073,0.0705312011225805
S,15,16,64,32,39,6,0.756042839612427,0.0946323890736632
S,15,16,64,32,40,6,0.854678889720547,0.0965931342717875
S,15,16,64,32,41,6,0.741625324518238,0.104519263289072
S,15,16,64,32,42,6,0.778853717485921,0.11121473410786
S,15,16,64,32,43,6,0.801387451300602,0.133256304673218
S,15,16,64,32,44,6,0.8661323977149,0.210680778199388
S,15,16,64,32,45,6,0.783148098603244,0.0689491914458952
S,15,16,64,32,46,6,0.777750010057753,0.0679255306194089
S,15,16,64,32,47,6,0.753397175496633,0.0783206583370028
S,15,16,64,32,48,6,0.782667774778254,0.145614392878915
S,15,16,64,32,49,6,0.803740975941239,0.0874205117936998
S,15,16,64,32,50,6,0.792643181367221,0.0753574636108109
S,15,16,64,32,51,6,0.780859202908589,0.0683115348826319
S,15,16,64,32,52,6,0.76891012811026,0.120258676011762
S,15,16,64,32,53,6,0.756172055782002,0.0937212560905591
S,15,16,64,32,54,6,0.841389507204082,0.1056012793414
S,15,16,64,32,55,6,0.76726316653529,0.0864202688316981
S,15,16,64,32,56,6,0.840832685648628,0.0725857678604939
S,15,16,64,32,57,6,0.83280551066859,0.0500718993348776
S,15,16,64,32,58,6,0.856844323146326,0.104354670678532
S,15,16,64,32,59,6,0.735755680352345,0.0786220734365998
S,15,16,64,32,60,6,0.78172051037921,0.118672080987373
S,15,16,64,32,61,6,0.783655469574836,0.0788107955528546
S,15,16,64,32,62,6,0.758708263054076,0.0756854079034677
S,15,16,64,32,63,6,0.769423318239431,0.0623325465635694
S,15,16,64,32,64,7,0.785837913355841,0.0835701529752189
S,15,16,64,32,65,7,0.787579342399814,0.150846007024428
S,15,16,64,32,66,7,0.752633644103093,0.0623679833750829
S,15,16,64,32,67,7,0.770116414312449,0.0853681428280626
S,15,16,64,32,68,7,0.744241750549889,0.0673263494177953
S,15,16,64,32,69,7,0.767021574383733,0.10260780575271
S,15,16,64,32,70,7,0.793378590078777,0.0627051303864355
S,15,16,64,32,71,7,0.807997251737352,0.0522277037025558
S,15,16,64,32,72,7,0.784135745375467,0.107016166920097
S,15,16,64,32,73,7,0.781957131353407,0.115766768720583
S,15,16,64,32,74,7,0.772114102040734,0.0973989059930886
S,15,16,64,32,75,7,0.750961982508427,0.071378452000557
S,15,16,64,32,76,7,0.769627830006219,0.0664846886423145
S,15,16,64,32,77,7,0.790424839675873,0.141163947796789
S,15,16,64,32,78,7,0.829335423883691,0.108351835393454
S,15,16,64,32,79,7,0.769855747888772,0.104490127775304
S,15,16,64,32,80,7,0.734778207387989,0.0542210773134122
S,15,16,64,32,81,7,0.844839369959541,0.0845462830054498
S,15,16,64,32,82,7,0.760547551968509,0.0738582339386032
S,15,16,64,32,83,7,0.76376401410861,0.122805700339545
S,15,16,64,32,84,7,0.75864696895322,0.0971744157778103
S,15,16,64,32,85,7,0.762569613381889,0.0555690116220711
S,15,16,64,32,86,7,0.79624027788776,0.10616822888453
S,15,16,64,32,87,7,0.782880771702903,0.103750137447548
S,15,16,64,32,88,7,0.780289473316094,0.04758519764938
S,15,16,64,32,89,7,0.879513700673936,0.0521156059269247
S,15,16,64,32,90,7,0.775068142433032,0.109281691579492
S,15,16,64,32,91,7,0.782824964755912,0.0520908274712097
S,15,16,64,32,92,7,0.765565446928921,0.0576741100417233
S,15,16,64,32,93,7,0.803166196720837,0.120767786002191
S,15,16,64,32,94,7,0.774194918235065,0.0962880428317948
S,15,16,64,32,95,7,0.870116252977749,0.0499919224396509
S,15,16,64,32,96,7,0.837021709707826,0.0655218321113683
S,15,16,64,32,97,7,0.78762870757364,0.12606956075136
S,15,16,64,32,98,7,0.782522199950847,0.107755122805581
S,15,16,64,32,99,7,0.755224161260413,0.0637881901679306
S,15,16,64,32,100,7,0.770531981222836,0.0765036273894386
S,15,16,64,32,101,7,0.774775908146773,0.0790926338417073
S,15,16,64,32,102,7,0.798569387730692,0.116493080756548
S,15,16,64,32,103,7,0.850634934879774,0.0538625054542213
S,15,16,64,32,104,7,0.761105065036485,0.0672406091902421
S,15,16,64,32,105,7,0.745636349899998,0.0760427382505751
S,15,16,64,32,106,7,0.773985616411855,0.092720381980308
S,15,16,64,32,107,7,0.736470910019158,0.0488979500405712
S,15,16,64,32,108,7,0.725900484484449,0.0432479417457298
S,15,16,64,32,109,7,0.734165572683469,0.078241150875119
S,15,16,64,32,110,7,0.758906733453389,0.0666668773219435
S,15,16,64,32,111,7,0.734253157176731,0.0673908122531528
S,15,16,64,32,112,7,0.757675870840226,0.070442411873926
S,15,16,64,32,113,7,0.728285381960885,0.0573622325082227
S,15,16,64,32,114,7,0.754597346371411,0.0900680929326025
S,15,16,64,32,115,7,0.736588549862491,0.0611614390263266
S,15,16,64,32,116,7,0.757650490325771,0.0848125216764051
S,15,16,64,32,117,7,0.732550385549666,0.0749335631650525
S,15,16,64,32,118,7,0.743882906875267,0.054456769340588
S,15,16,64,32,119,7,0.758034319589664,0.0683932270949611
S,15,16,64,32,120,7,0.819050058702887,0.0669848459860611
S,15,16,64,32,121,7,0.729727893701243,0.0549529335737287
S,15,16,64,32,122,7,0.738435846134793,0.0509347144337046
S,15,16,64,32,123,7,0.733226141588064,0.0464736161120468
S,15,16,64,32,124,7,0.753116739965408,0.0742937941855158
S,15,16,64,32,125,7,0.775675888640388,0.0877318229434319
S,15,16,64,32,126,7,0.738455321350236,0.0510312844966744
S,15,16,64,32,127,7,0.745081657995693,0.0590653434482483
S,15,16,64,32,128,8,0.753472417109248,0.0483582400079589
Se,15,16,64,32,4,3,0.929330703796915,0.386772482570599
Se,15,16,64,32,5,3,1.78845377054515,0.736832504898363
Se,15,16,64,32,6,3,0.97367142177883,0.430093883256087
Se,15,16,64,32,7,3,0.965094788699498,0.381257710744016
Se,15,16,64,32,8,4,0.401188705415809,0.160242651016727
Se,15,16,64,32,9,4,0.69052939466424,0.255921324004912
Se,15,16,64,32,10,4,0.78975927050737,0.343099000106327
Se,15,16,64,32,11,4,0.646330428024637,0.249750444494606
Se,15,16,64,32,12,4,0.41910395732458,0.161194479474198
Se,15,16,64,32,13,4,0.429657040017043,0.135057514230585
Se,15,16,64,32,14,4,0.553290912692939,0.221272767280885
Se,15,16,64,32,15,4,0.37156919379251,0.121226506075605
Se,15,16,64,32,16,5,0.206539308475468,0.087356220931536
Se,15,16,64,32,17,5,0.455184536529262,0.180632197714127
Se,15,16,64,32,18,5,0.402643457134158,0.167852322152897
Se,15,16,64,32,19,5,0.435563397137134,0.180884462004962
Se,15,16,64,32,20,5,0.244782136479739,0.0978442042967071
Se,15,16,64,32,21,5,0.372881777435755,0.114971584147418
Se,15,16,64,32,22,5,0.452523964432986,0.185693832125688
Se,15,16,64,32,23,5,0.307328697703275,0.122776065378984
Se,15,16,64,32,24,5,0.212210293731242,0.0887865847668822
Se,15,16,64,32,25,5,0.771813858086524,0.307988196674118
Se,15,16,64,32,26,5,0.193230441807529,0.0786941999410879
Se,15,16,64,32,27,5,0.197804248098263,0.055090413485218
Se,15,16,64,32,28,5,0.232750647866321,0.0955555089656174
Se,15,16,64,32,29,5,0.331687439682598,0.143206732023594
Se,15,16,64,32,30,5,0.138895624132607,0.0528494560964543
Se,15,16,64,32,31,5,0.471333996709637,0.202349818649599
Se,15,16,64,32,32,6,0.228144719552782,0.0543993069375722
Se,15,16,64,32,33,6,0.210767829876082,0.0835719853073218
Se,15,16,64,32,34,6,0.10825702425224,0.045358593448802
Se,15,16,64,32,35,6,0.159380341485908,0.050208214411578
Se,15,16,64,32,36,6,0.222524211151311,0.0877538565424306
Se,15,16,64,32,37,6,0.143543936681404,0.0413837027373782
Se,15,16,64,32,38,6,0.0905500487460482,0.0360283117009221
Se,15,16,64,32,39,6,0.263204769774879,0.112990385583992
Se,15,16,64,32,40,6,0.0795091661968133,0.0327121546331125
Se,15,16,64,32,41,6,0.253216797600538,0.111728895037657
Se,15,16,64,32,42,6,0.122172288686603,0.0537800152186121
Se,15,16,64,32,43,6,0.260438887069585,0.0974292325612195
Se,15,16,64,32,44,6,0.362631470501135,0.145628463752159
Se,15,16,64,32,45,6,0.184439245215921,0.0774503295939276
Se,15,16,64,32,46,6,0.129368923349728,0.0560267011191651
Se,15,16,64,32,47,6,0.164334827123756,0.0637544882581321
Se,15,16,64,32,48,6,0.242883673275428,0.0900346857114891
Se,15,16,64,32,49,6,0.158254295260881,0.0622044238637742
Se,15,16,64,32,50,6,0.0688020092501979,0.0297154873919561
Se,15,16,64,32,51,6,0.14152318467699,0.0553876270900253
Se,15,16,64,32,52,6,0.317867760448295,0.129478662199711
Se,15,16,64,32,53,6,0.109540150780671,0.0277990576463908
Se,15,16,64,32,54,6,0.0173790470522451,0.00662927265995976
Se,15,16,64,32,55,6,0.14054737867086,0.0564541631312328
Se,15,16,64,32,56,6,0.150991256754063,0.0638854948999151
Se,15,16,64,32,57,6,0.139929541648868,0.0485945750143048
Se,15,16,64,32,58,6,0.0532355831964057,0.0233451797455446
Se,15,16,64,32,59,6,0.216099519859838,0.0905982768207653
Se,15,16,64,32,60,6,0.0524884695608048,0.0228703269669387
Se,15,16,64,32,61,6,0.225905651207218,0.0979235882282773
Se,15,16,64,32,62,6,0.0924623036895792,0.0342811405324915
Se,15,16,64,32,63,6,0.123353029844082,0.0497746813553665
Se,15,16,64,32,64,7,0.132464821213165,0.0508993719200498
Se,15,16,64,32,65,7,0.11369721193579,0.0439377191275498
Se,15,16,64,32,66,7,0.103753322550656,0.0450617776648238
Se,15,16,64,32,67,7,0.170253161206862,0.0685426518752743
Se,15,16,64,32,68,7,0.0868358569017038,0.0375915130264007
Se,15,16,64,32,69,7,0.14798487299221,0.0623571859405903
Se,15,16,64,32,70,7,0.158802507793683,0.0661441183921395
Se,15,16,64,32,71,7,0.0937398691599699,0.0338606788825116
Se,15,16,64,32,72,7,0.059349665440681,0.0245546470334129
Se,15,16,64,32,73,7,0.143917589087796,0.0606659906030058
Se,15,16,64,32,74,7,0.0519760430745686,0.019737993291479
Se,15,16,64,32,75,7,0.126288372058424,0.0529849126154718
Se,15,16,64,32,76,7,0.0613744251942079,0.0254437882372153
Se,15,16,64,32,77,7,0.148860999083572,0.0590581919316321
Se,15,16,64,32,78,7,0.104909380750762,0.0451983696161137
Se,15,16,64,32,79,7,0.0783642809697157,0.0270381524588626
Se,15,16,64,32,80,7,0.0675387567564785,0.0272614354935123
Se,15,16,64,32,81,7,0.0777202363991644,0.0273694822415107
Se,15,16,64,32,82,7,0.0624620688134665,0.02428211281272
Se,15,16,64,32,83,7,0.168873351105168,0.0659769793142153
Se,15,16,64,32,84,7,0.0326566190959272,0.013876853649207
Se,15,16,64,32,85,7,0.111608947078131,0.048216424082697
Se,15,16,64,32,86,7,0.238708215532413,0.092397136841774
Se,15,16,64,32,87,7,0.0652701896970309,0.021190657418253
Se,15,16,64,32,88,7,0.0409094912866699,0.0153675010938005
Se,15,16,64,32,89,7,0.098242595251196,0.0399164134038981
Se,15,16,64,32,90,7,0.0420646641727039,0.0164732733901733
Se,15,16,64,32,91,7,0.0581396082864203,0.0157469942153943
Se,15,16,64,32,92,7,0.157600913746485,0.0578810854493587
Se,15,16,64,32,93,7,0.159483417449318,0.0653289856792846
Se,15,16,64,32,94,7,0.0648276867852675,0.0185825224632424
Se,15,16,64,32,95,7,0.0941728795620115,0.0395365454863616
Se,15,16,64,32,96,7,0.0340846116280607,0.0133186300501381
Se,15,16,64,32,97,7,0.0953192439636089,0.0380817016655941
Se,15,16,64,32,98,7,0.0309549607470327,0.0122991844911746
Se,15,16,64,32,99,7,0.0715363181617241,0.0241086324116281
Se,15,16,64,32,100,7,0.117790684508723,0.0461009812225371
Se,15,16,64,32,101,7,0.0643970017144726,0.0167862629588845
Se,15,16,64,32,102,7,0.10068795266817,0.0409335200265062
Se,15,16,64,32,103,7,0.0925319662214726,0.0389049132485145
Se,15,16,64,32,104,7,0.0332938734848957,0.0135215687211002
Se,15,16,64,32,105,7,0.102804577188304,0.0432667650528103
Se,15,16,64,32,106,7,0.170807177907208,0.0645948357038015
Se,15,16,64,32,107,7,0.104467412176543,0.0436967811816817
Se,15,16,64,32,108,7,0.060089995365363,0.0253693193539693
Se,15,16,64,32,109,7,0.122548540764526,0.0508432096801071
Se,15,16,64,32,110,7,0.0434822741488562,0.0176843548204615
Se,15,16,64,32,111,7,0.056763524665312,0.0173323718898647
Se,15,16,64,32,112,7,0.120686922086465,0.0500011858178566
Se,15,16,64,32,113,7,0.144320794908315,0.0623053444768063
Se,15,16,64,32,114,7,0.0736367343032162,0.0226023967656627
Se,15,16,64,32,115,7,0.0808089996423929,0.0339211112352858
Se,15,16,64,32,116,7,0.118343506008605,0.0416986571069729
Se,15,16,64,32,117,7,0.0524667283881077,0.0151093970387481
Se,15,16,64,32,118,7,0.0711372969872375,0.029828032839242
Se,15,16,64,32,119,7,0.0762647814528401,0.032682591463636
Se,15,16,64,32,120,7,0.107276928493829,0.041755408619501
Se,15,16,64,32,121,7,0.0565095870339414,0.0217438731810025
Se,15,16,64,32,122,7,0.0397936056902348,0.017633855291476
Se,15,16,64,32,123,7,0.0624803430283705,0.0239280539589677
Se,15,16,64,32,124,7,0.06373191058951,0.0266714848599856
Se,15,16,64,32,125,7,0.0501632597461733,0.0162797072128747
Se,15,16,64,32,126,7,0.0340546644318466,0.0106697429831523
Se,15,16,64,32,127,7,0.043373402218953,0.0118155748631251
Se,15,16,64,32,128,8,0.0626651159739611,0.0270050946803465
S,31,32,128,64,4,3,1.08111689148374,0.453348137296278
S,31,32,128,64,5,3,0.738633468490591,0.309622955485448
S,31,32,128,64,6,3,0.974599117747774,0.378023317362615
S,31,32,128,64,7,3,0.693058702413043,0.194820945784719
S,31,32,128,64,8,4,0.842629659643571,0.335860519037786
S,31,32,128,64,9,4,0.685232882230707,0.208908949921693
S,31,32,128,64,10,4,0.650621333437711,0.228755969573453
S,31,32,128,64,11,4,0.909463556889874,0.315314994304611
S,31,32,128,64,12,4,0.567301470991287,0.183732502169545
S,31,32,128,64,13,4,0.474814536965381,0.0954744520997863
S,31,32,128,64,14,4,0.482536963589615,0.0621347948346191
S,31,32,128,64,15,4,0.507559992029215,0.149386429194434
S,31,32,128,64,16,5,0.558327026891524,0.110107910278524
S,31,32,128,64,17,5,0.423872357815411,0.115360326366407
S,31,32,128,64,18,5,0.426314088909852,0.0393477046881809
S,31,32,128,64,19,5,0.504962672963963,0.11694526094962
S,31,32,128,64,20,5,0.480227152031856,0.056176267624764
S,31,32,128,64,21,5,0.424679989101393,0.0925756123192628
S,31,32,128,64,22,5,0.670445109428769,0.207313336814642
S,31,32,128,64,23,5,0.45299590020283,0.0397561980251426
S,31,32,128,64,24,5,0.583711007518701,0.162335288872334
S,31,32,128,64,25,5,0.386111844622701,0.0351661330895222
S,31,32,128,64,26,5,0.67711817803405,0.202374256510852
S,31,32,128,64,27,5,0.47323858867425,0.108681447832925
S,31,32,128,64,28,5,0.411318108621371,0.0739141160117779
S,31,32,128,64,29,5,0.472995111391923,0.0628310797679649
S,31,32,128,64,30,5,0.406274654624568,0.0541831098776954
S,31,32,128,64,31,5,0.426634404335845,0.0719556660696888
S,31,32,128,64,32,6,0.421943562922701,0.0460562901138963
S,31,32,128,64,33,6,0.426373731920335,0.0686939351048926
S,31,32,128,64,34,6,0.448415249421458,0.0914755291121464
S,31,32,128,64,35,6,0.423406712188333,0.0548190990981677
S,31,32,128,64,36,6,0.405558575902698,0.0678890330274437
S,31,32,128,64,37,6,0.39340748647899,0.0255999833282738
S,31,32,128,64,38,6,0.408959840275022,0.0586820057027502
S,31,32,128,64,39,6,0.429854992800199,0.0562424296764633
S,31,32,128,64,40,6,0.495801762366729,0.131698974743279
S,31,32,128,64,41,6,0.424491935518858,0.0626818091581549
S,31,32,128,64,42,6,0.453134933441454,0.092929549067798
S,31,32,128,64,43,6,0.449307037608391,0.0867365658055357
S,31,32,128,64,44,6,0.465435850398756,0.0833099096911169
S,31,32,128,64,45,6,0.46936144425731,0.0888016504837754
S,31,32,128,64,46,6,0.473161604099023,0.108016227987104
S,31,32,128,64,47,6,0.431397692102237,0.0624831975815953
S,31,32,128,64,48,6,0.480857062072311,0.0955812605036248
S,31,32,128,64,49,6,0.441415047798654,0.0655476650775801
S,31,32,128,64,50,6,0.504299160735065,0.116897688961077
S,31,32,128,64,51,6,0.414390100379033,0.0340814275303619
S,31,32,128,64,52,6,0.427231209936917,0.0468994738624003
S,31,32,128,64,53,6,0.420276344428537,0.0482486320922745
S,31,32,128,64,54,6,0.428379661660153,0.0279905776366355
S,31,32,128,64,55,6,0.479864058792969,0.116829823494555
S,31,32,128,64,56,6,0.469926420092948,0.0863673126499486
S,31,32,128,64,57,6,0.437127005784535,0.0507812355997178
S,31,32,128,64,58,6,0.406435044500337,0.0279045939572339
S,31,32,128,64,59,6,0.428469461892326,0.0440539185114875
S,31,32,128,64,60,6,0.414656977467609,0.0346508338992096
S,31,32,128,64,61,6,0.417039932004665,0.0262802374910524
S,31,32,128,64,62,6,0.430461293912873,0.0747327725190271
S,31,32,128,64,63,6,0.457960825132875,0.0746109918049105
S,31,32,128,64,64,7,0.426367833051667,0.0570449962320701
S,31,32,128,64,65,7,0.424039458975361,0.0327081502057456
S,31,32,128,64,66,7,0.428464636710074,0.0337874207561451
S,31,32,128,64,67,7,0.440406447019236,0.0267770069369786
S,31,32,128,64,68,7,0.424797684011206,0.0291103183381091
S,31,32,128,64,69,7,0.445927535933335,0.0646528465423812
S,31,32,128,64,70,7,0.440788802326688,0.0399160859695612
S,31,32,128,64,71,7,0.418686904547566,0.0595361610554643
S,31,32,128,64,72,7,0.415483829495188,0.0291745481117552
S,31,32,128,64,73,7,0.429597331847894,0.0527883541481538
S,31,32,128,64,74,7,0.415203850890052,0.0230516701409884
S,31,32,128,64,75,7,0.397657737352617,0.035601488294453
S,31,32,128,64,76,7,0.417366581191766,0.0334626453539929
S,31,32,128,64,77,7,0.415031846113887,0.0263351413092164
S,31,32,128,64,78,7,0.415095311147561,0.0275115573235118
S,31,32,128,64,79,7,0.404859455276093,0.0283687748272065
S,31,32,128,64,80,7,0.414433681047757,0.0281689729433371
S,31,32,128,64,81,7,0.449682108564981,0.0878325222148832
S,31,32,128,64,82,7,0.401582951704888,0.0182434684386485
S,31,32,128,64,83,7,0.409391440045608,0.0320007444882882
S,31,32,128,64,84,7,0.409325521408369,0.0521643077194653
S,31,32,128,64,85,7,0.420075416889998,0.0563587373023758
S,31,32,128,64,86,7,0.436981116432585,0.0861430231732989
S,31,32,128,64,87,7,0.403420559556129,0.0301087242539596
S,31,32,128,64,88,7,0.406951463792611,0.0527980625219215
S,31,32,128,64,89,7,0.401406855597067,0.0240840922174341
S,31,32,128,64,90,7,0.392178592633329,0.0327403307899871
S,31,32,128,64,91,7,0.408236599666048,0.0297952457590547
S,31,32,128,64,92,7,0.39656621962395,0.0246299910516645
S,31,32,128,64,93,7,0.434044329782956,0.0716622013560091
S,31,32,128,64,94,7,0.396822969414446,0.0267421567226444
S,31,32,128,64,95,7,0.403401623662236,0.0236871998178947
S,31,32,128,64,96,7,0.41224149606272,0.0240517682321522
S,31,32,128,64,97,7,0.438143045708923,0.0787004764513536
S,31,32,128,64,98,7,0.423188883908483,0.0540188672807104
S,31,32,128,64,99,7,0.394465186620742,0.0227617704669113
S,31,32,128,64,100,7,0.409239598256922,0.0227934873285185
S,31,32,128,64,101,7,0.404129605012363,0.0220475416258889
S,31,32,128,64,102,7,0.415251345386592,0.0501897285559794
S,31,32,128,64,103,7,0.413334139255834,0.0302434538075253
S,31,32,128,64,104,7,0.410819969227831,0.0264071850856607
S,31,32,128,64,105,7,0.403811843439895,0.027387581024113
S,31,32,128,64,106,7,0.423036723118656,0.0265736046032248
S,31,32,128,64,107,7,0.411629078438565,0.0481342104246586
S,31,32,128,64,108,7,0.403681069470192,0.041137683990288
S,31,32,128,64,109,7,0.410301697491983,0.0204316575024778
S,31,32,128,64,110,7,0.409596489947296,0.0240220221907192
S,31,32,128,64,111,7,0.408385602489813,0.0347071747678793
S,31,32,128,64,112,7,0.396944049031081,0.023527146439509
S,31,32,128,64,113,7,0.429568885510215,0.0594308745554167
S,31,32,128,64,114,7,0.40821643483067,0.0272306182373339
S,31,32,128,64,115,7,0.402860222394956,0.0250785220181669
S,31,32,128,64,116,7,0.400271000206414,0.0278626702036568
S,31,32,128,64,117,7,0.412312445674504,0.0229585516195692
S,31,32,128,64,118,7,0.411242997257788,0.0286100283187594
S,31,32,128,64,119,7,0.408028084122712,0.0260293046886037
S,31,32,128,64,120,7,0.42503405440146,0.0577839123061978
S,31,32,128,64,121,7,0.41812433609904,0.0540498094943769
S,31,32,128,64,122,7,0.419750487460547,0.0621870559708468
S,31,32,128,64,123,7,0.422825731541212,0.0497794536445043
S,31,32,128,64,124,7,0.40841551021391,0.0227469889178528
S,31,32,128,64,125,7,0.418423929546565,0.034883578888376
S,31,32,128,64,126,7,0.410794590973778,0.0279951968676275
S,31,32,128,64,127,7,0.429942825389639,0.064475869019132
S,31,32,128,64,128,8,0.423974636648737,0.0493152030763575
Se,31,32,128,64,4,3,1.54133663690095,0.666042301968351
Se,31,32,128,64,5,3,0.986432671955123,0.444637793105785
Se,31,32,128,64,6,3,0.666283227476083,0.291213291373351
Se,31,32,128,64,7,3,0.564451321364888,0.228262096117399
Se,31,32,128,64,8,4,0.215618260812084,0.0924853912116406
Se,31,32,128,64,9,4,0.388858698057024,0.15633452534227
Se,31,32,128,64,10,4,0.399073746953205,0.170821084583942
Se,31,32,128,64,11,4,0.275241826173617,0.0866359197109702
Se,31,32,128,64,12,4,0.269519821351308,0.116951486920618
Se,31,32,128,64,13,4,0.306348605820346,0.126479670302749
Se,31,32,128,64,14,4,0.283071992487882,0.117992692530871
Se,31,32,128,64,15,4,0.185028211297937,0.061054521148005
Se,31,32,128,64,16,5,0.416267134206749,0.160755059103593
Se,31,32,128,64,17,5,0.200147532319701,0.078640423542283
Se,31,32,128,64,18,5,0.219302520239252,0.0934993582946197
Se,31,32,128,64,19,5,0.151178602583381,0.04102467865434
Se,31,32,128,64,20,5,0.293094726287744,0.120260845161015
Se,31,32,128,64,21,5,0.180689012291154,0.0768194479397973
Se,31,32,128,64,22,5,0.1249843641162,0.0510709777411141
Se,31,32,128,64,23,5,0.412735311358718,0.153780077592475
Se,31,32,128,64,24,5,0.0507856125540543,0.0195131609913391
Se,31,32,128,64,25,5,0.244593533399548,0.100340305717398
Se,31,32,128,64,26,5,0.125933922544009,0.0495987852773525
Se,31,32,128,64,27,5,0.130019195454035,0.0465324390674351
Se,31,32,128,64,28,5,0.192988684799883,0.0745749178342548
Se,31,32,128,64,29,5,0.0926548224304282,0.0282401290238848
Se,31,32,128,64,30,5,0.0871852797181499,0.0376153935945794
Se,31,32,128,64,31,5,0.330815944536314,0.137300891558746
Se,31,32,128,64,32,6,0.0889736905717698,0.0269778139149753
Se,31,32,128,64,33,6,0.102565946045072,0.0363727491361779
Se,31,32,128,64,34,6,0.0357948018355859,0.0123409849573918
Se,31,32,128,64,35,6,0.109352616938861,0.0456515041198168
Se,31,32,128,64,36,6,0.141050610849265,0.0597992328368745
Se,31,32,128,64,37,6,0.0821120820749678,0.0280477963449281
Se,31,32,128,64,38,6,0.0706245038533914,0.0261574388098643
Se,31,32,128,64,39,6,0.113013981891994,0.0474524059780957
Se,31,32,128,64,40,6,0.0907657447624876,0.0318140043664617
Se,31,32,128,64,41,6,0.193407337085602,0.0881840651965907
Se,31,32,128,64,42,6,0.0531939063552935,0.0200350078950007
Se,31,32,128,64,43,6,0.235735411683811,0.0988726343441974
Se,31,32,128,64,44,6,0.375968298852762,0.151102695042245
Se,31,32,128,64,45,6,0.0720097143365427,0.027706392659357
Se,31,32,128,64,46,6,0.103669486996477,0.0436481227658712
Se,31,32,128,64,47,6,0.140147455850586,0.0573959961567252
Se,31,32,128,64,48,6,0.237325835538627,0.0915923792764824
Se,31,32,128,64,49,6,0.106020133694469,0.0410360757184882
Se,31,32,128,64,50,6,0.0560492009852452,0.0241170456970421
Se,31,32,128,64,51,6,0.0749003519265233,0.0280997657881577
Se,31,32,128,64,52,6,0.302303771212713,0.11946663230001
Se,31,32,128,64,53,6,0.0947724869852804,0.0385219278800319
Se,31,32,128,64,54,6,0.0889974888183385,0.0376745312868487
Se,31,32,128,64,55,6,0.0744001137954753,0.0321283626011972
Se,31,32,128,64,56,6,0.072358553366589,0.0303534778736819
Se,31,32,128,64,57,6,0.0689670890035906,0.0244686631844732
Se,31,32,128,64,58,6,0.144280911382744,0.0563699966439202
Se,31,32,128,64,59,6,0.14932404786716,0.0611597497918377
Se,31,32,128,64,60,6,0.110857448882558,0.040743616764021
Se,31,32,128,64,61,6,0.0622206855494485,0.0258688454083238
Se,31,32,128,64,62,6,0.0253945431383058,0.00986399609690664
Se,31,32,128,64,63,6,0.0600763522638404,0.0241616130313151
Se,31,32,128,64,64,7,0.0533917245198033,0.0232134228860481
Se,31,32,128,64,65,7,0.0982516626007221,0.041676055391815
Se,31,32,128,64,66,7,0.0459690326342312,0.0161399485101674
Se,31,32,128,64,67,7,0.133955361524149,0.0574300714500965
Se,31,32,128,64,68,7,0.0770943213660391,0.0328784467333813
Se,31,32,128,64,69,7,0.0594551915630052,0.0167019684920928
Se,31,32,128,64,70,7,0.038626713338638,0.0164183452058168
Se,31,32,128,64,71,7,0.0463660813775469,0.0144728961410713
Se,31,32,128,64,72,7,0.0412785531431849,0.0184420738625384
Se,31,32,128,64,73,7,0.0490028523255789,0.0169369947181347
Se,31,32,128,64,74,7,0.0641421662977529,0.0274758008440863
Se,31,32,128,64,75,7,0.0371471768517514,0.0100410322310983
Se,31,32,128,64,76,7,0.07743559628772,0.030103994341938
Se,31,32,128,64,77,7,0.0848343963346266,0.0338469570757811
Se,31,32,128,64,78,7,0.059084254618872,0.0239141585489375
Se,31,32,128,64,79,7,0.0901717218430819,0.0401603383859931
Se,31,32,128,64,80,7,0.0484432048104065,0.019346811915791
Se,31,32,128,64,81,7,0.0808425495717248,0.0362967662403546
Se,31,32,128,64,82,7,0.0324700546621563,0.00763668918022072
Se,31,32,128,64,83,7,0.0490532845098641,0.0191579954340866
Se,31,32,128,64,84,7,0.0710269747720688,0.0277302214526299
Se,31,32,128,64,85,7,0.0599118430486663,0.0244573224777873
Se,31,32,128,64,86,7,0.197914538488686,0.0804108474993554
Se,31,32,128,64,87,7,0.0613977832168748,0.023524264836054
Se,31,32,128,64,88,7,0.041869669117694,0.0179518734426263
Se,31,32,128,64,89,7,0.135035463513851,0.0539096174102942
Se,31,32,128,64,90,7,0.0793515724993493,0.0295167081454328
Se,31,32,128,64,91,7,0.0324796521703277,0.0116616744782675
Se,31,32,128,64,92,7,0.0375017146366022,0.0163449313097058
Se,31,32,128,64,93,7,0.115780101678813,0.0466413807394108
Se,31,32,128,64,94,7,0.0367146856006442,0.0159117430530286
Se,31,32,128,64,95,7,0.0924867778821791,0.0403562456248345
Se,31,32,128,64,96,7,0.0856210220948266,0.0340342940487995
Se,31,32,128,64,97,7,0.108721167265378,0.0455718425840343
Se,31,32,128,64,98,7,0.02789208484544,0.00976638642301979
Se,31,32,128,64,99,7,0.055717412354602,0.0221538074746131
Se,31,32,128,64,100,7,0.0733108485817791,0.0269475882225374
Se,31,32,128,64,101,7,0.0541275471501288,0.0217223691364949
Se,31,32,128,64,102,7,0.0506569543576943,0.0206053702930995
Se,31,32,128,64,103,7,0.0404160191056767,0.0167279472640802
Se,31,32,128,64,104,7,0.109688702936468,0.0389941622896411
Se,31,32,128,64,105,7,0.0522176919785745,0.0222462254878026
Se,31,32,128,64,106,7,0.0129108404670376,0.00408172487558142
Se,31,32,128,64,107,7,0.0938048979033221,0.0387457866701624
Se,31,32,128,64,108,7,0.034610083657373,0.014491320893146
Se,31,32,128,64,109,7,0.0312806656961777,0.00876315682872538
Se,31,32,128,64,110,7,0.0701056621501842,0.0274970725188753
Se,31,32,128,64,111,7,0.0498674774078928,0.0197919115869582
Se,31,32,128,64,112,7,0.0345322093537119,0.0146256830248975
Se,31,32,128,64,113,7,0.0613297790563953,0.0262546706356017
Se,31,32,128,64,114,7,0.053081329530781,0.0224697866201704
Se,31,32,128,64,115,7,0.0275069030358825,0.0104772874706601
Se,31,32,128,64,116,7,0.0292515408150653,0.0115017056621108
Se,31,32,128,64,117,7,0.0462321860443984,0.0194053461798908
Se,31,32,128,64,118,7,0.0349132818736061,0.0140482634185719
Se,31,32,128,64,119,7,0.0470139039950479,0.0205566246969244
Se,31,32,128,64,120,7,0.0426350219127398,0.0125274148516123
Se,31,32,128,64,121,7,0.0345299101479646,0.0119174381345305
Se,31,32,128,64,122,7,0.0375239648440523,0.0158305271447248
Se,31,32,128,64,123,7,0.0349989154814772,0.013877341043417
Se,31,32,128,64,124,7,0.0401067125808288,0.0164070425811279
Se,31,32,128,64,125,7,0.0674110879450346,0.0298047637907235
Se,31,32,128,64,126,7,0.0404851505934541,0.0115540698919826
Se,31,32,128,64,127,7,0.0410884387712197,0.0168062890029468
Se,31,32,128,64,128,8,0.0348041195159957,0.0143071330262482
