p,OSR,DAC_clock_MHz,R,Required_bits,THD_percent,Weighted_error_percent
3,16,8,4,3,5.69030099880323,3.83538115072868
3,16,8,5,3,6.23134087999807,3.96846009411725
3,16,8,6,3,7.53031277113242,4.75996525858167
3,16,8,7,3,4.2069562724037,2.71525972102677
3,16,8,8,4,4.05056629140931,2.48880706230829
3,16,8,9,4,4.0264924146077,2.46877342819558
3,16,8,10,4,4.73731761199306,2.8505756301906
3,16,8,11,4,5.66600881124182,3.61991637962264
3,16,8,12,4,4.41689560681069,2.71253084066212
3,16,8,13,4,4.80578997921681,2.81106121886061
3,16,8,14,4,4.73168990992723,2.83220738227203
3,16,8,15,4,5.22084993011243,3.14673512538122
3,16,8,16,5,5.7783690438744,3.5416531565055
3,16,8,17,5,4.85783414594273,2.90953047197633
3,16,8,18,5,5.19152354925689,3.12461347511972
3,16,8,19,5,5.11355344265343,3.11582335273304
3,16,8,20,5,4.73731761199306,2.8505756301906
3,16,8,21,5,4.4933507706591,2.608685915373
3,16,8,22,5,4.44795510564175,2.57892555673522
3,16,8,23,5,4.75770220897091,2.78155713394607
3,16,8,24,5,4.70136941680828,2.77427412847443
3,16,8,25,5,5.02380640892791,2.99964268496191
3,16,8,26,5,4.80578997921681,2.81106121886061
3,16,8,27,5,4.75862117063174,2.80287033990626
3,16,8,28,5,5.01475175018255,2.97463081597801
3,16,8,29,5,4.96080201481063,2.97517561287958
3,16,8,30,5,4.82116007708124,2.85225899841764
3,16,8,31,5,5.02774673226377,2.99010290769941
3,16,8,32,6,4.98148825779577,2.97635237927164
3,16,8,33,6,4.74637999319349,2.79435821338529
3,16,8,34,6,4.70227410305679,2.76510199939606
3,16,8,35,6,4.57593472748339,2.65046111092422
3,16,8,36,6,4.77191094582115,2.78286135086841
3,16,8,37,6,4.73384157904848,2.77612348496043
3,16,8,38,6,4.93614089671311,2.91945898882694
3,16,8,39,6,4.89444098904273,2.91311776518769
3,16,8,40,6,4.77189427816413,2.79835935682376
3,16,8,41,6,4.94485293186458,2.91812968912333
3,16,8,42,6,4.9081234666518,2.912795872819
3,16,8,43,6,5.0842624928447,3.0329124702038
3,16,8,44,6,4.78980928862523,2.83554752375447
3,16,8,45,6,4.92845228482614,2.92234958157829
3,16,8,46,6,4.75770220897091,2.78155713394607
3,16,8,47,6,4.72584772266324,2.76837017471404
3,16,8,48,6,4.8920031976908,2.89068196713414
3,16,8,49,6,4.61677373789066,2.696533926666
3,16,8,50,6,4.75107132853734,2.77991416198421
3,16,8,51,6,4.89798638225654,2.88424572136321
3,16,8,52,6,4.86737799356554,2.8781814500318
3,16,8,53,6,5.0155208676791,2.98260156345775
3,16,8,54,6,4.75862117063174,2.80287033990626
3,16,8,55,6,4.88198905727898,2.88284173849605
3,16,8,56,6,5.01475175018255,2.97463081597801
3,16,8,57,6,4.98538192561776,2.97090473884862
3,16,8,58,6,4.89994950677812,2.895440061742
3,16,8,59,6,4.87876601372192,2.89581613782522
3,16,8,60,6,4.74095403051826,2.77245340115945
3,16,8,61,6,4.86807695130754,2.86567851886053
3,16,8,62,6,4.84179385842818,2.85763516780003
3,16,8,63,6,4.76167923794976,2.78297985261413
3,16,8,64,7,4.74263261456135,2.7856029200361
3,16,8,65,7,4.85267787284275,2.85938678838802
3,16,8,66,7,4.96905129318274,2.94200979101102
3,16,8,67,7,4.76630624223681,2.7997904852718
3,16,8,68,7,4.86643391238585,2.86537133690725
3,16,8,69,7,4.84733211914754,2.86736146969769
3,16,8,70,7,4.94938942472051,2.9356297572895
3,16,8,71,7,5.05652845876929,3.00968063861404
3,16,8,72,7,4.86416649929992,2.87604724881989
3,16,8,73,7,4.75133830355468,2.77591976770657
3,16,8,74,7,4.73384157904848,2.77612348496043
3,16,8,75,7,4.8327270058909,2.84437178598432
3,16,8,76,7,4.93614089671311,2.91945898882694
3,16,8,77,7,4.75235142067801,2.78622400306104
3,16,8,78,7,4.84352936785498,2.84775414165446
3,16,8,79,7,4.82613268467222,2.84824156958674
3,16,8,80,7,4.91846930418085,2.91120435785794
3,16,8,81,7,4.85613234515166,2.85413254978522
3,16,8,82,7,4.83968016413198,2.85462746210136
3,16,8,83,7,4.92533734801203,2.91231478168895
3,16,8,84,7,4.9081234666518,2.912795872819
3,16,8,85,7,4.99461915543036,2.97110815349507
3,16,8,86,7,4.75888532242156,2.77872573135326
3,16,8,87,7,4.74361497579542,2.77807948981929
3,16,8,88,7,4.82704426751801,2.83585258619753
3,16,8,89,7,4.81107581560179,2.83499151793801
3,16,8,90,7,4.75949802648159,2.78712479096958
3,16,8,91,7,4.83731717487572,2.83988384121509
3,16,8,92,7,4.82216593993926,2.83955312105006
3,16,8,93,7,4.90090988742041,2.89355056353324
3,16,8,94,7,4.88515286341342,2.89309859657506
3,16,8,95,7,4.83437027350089,2.84586263793554
3,16,8,96,7,4.90815061836279,2.89579347908638
3,16,8,97,7,4.89316232980224,2.8955594409201
3,16,8,98,7,4.96764671618169,2.94615244164459
3,16,8,99,7,4.79994300062598,2.82560181247712
3,16,8,100,7,4.75107132853734,2.77991416198421
3,16,8,101,7,4.82320367053786,2.82997125104825
3,16,8,102,7,4.80916041539648,2.82871306835259
3,16,8,103,7,4.8819127299987,2.87949235120626
3,16,8,104,7,4.75349455593139,2.7899833282788
3,16,8,105,7,4.81941616045285,2.83343998357186
3,16,8,106,7,4.88803520436614,2.88067319855626
3,16,8,107,7,4.87416713707521,2.87978242918891
3,16,8,108,7,4.94326193055896,2.92738864971352
3,16,8,109,7,4.81894910138556,2.84105103061417
3,16,8,110,7,4.88198905727898,2.88284173849605
3,16,8,111,7,4.94736923038999,2.92748399569321
3,16,8,112,7,4.79920666547713,2.82079040182721
3,16,8,113,7,4.86674913505542,2.86870880050397
3,16,8,114,7,4.74604298720959,2.78259930706113
3,16,8,115,7,4.80792588311876,2.82423688153184
3,16,8,116,7,4.87197665476335,2.86905210207423
3,16,8,117,7,4.85906725620608,2.867540203355
3,16,8,118,7,4.81741271179577,2.82892383531034
3,16,8,119,7,4.80650716772416,2.82986249199228
3,16,8,120,7,4.86581491325781,2.86974818836261
3,16,8,121,7,4.92702723427428,2.9121055389658
3,16,8,122,7,4.91430342175293,2.91094562326446
3,16,8,123,7,4.87333334843829,2.87308495734721
3,16,8,124,7,4.86245139811121,2.87388146204632
3,16,8,125,7,4.79888694099781,2.81733504735194
3,16,8,126,7,4.85888839167882,2.8599531819497
3,16,8,127,7,4.75167008680189,2.78348139201785
3,16,8,128,8,4.8070972552998,2.82090641863263
3,16,8,129,8,4.79675505192474,2.82124263170905
3,16,8,130,8,4.85267787284275,2.85938678838802
3,16,8,131,8,4.91017822308735,2.89970461832934
3,16,8,132,8,4.80590054270606,2.82591869838534
3,16,8,133,8,4.85925848030361,2.8619277335255
3,16,8,134,8,4.84896088928157,2.86227337702091
3,16,8,135,8,4.90272677247813,2.89875879125688
3,16,8,136,8,4.95790245507739,2.93699390066683
3,16,8,137,8,4.85647220882994,2.86575139294665
3,16,8,138,8,4.79879875867492,2.8147601181364
3,16,8,139,8,4.78896731786517,2.81454243681411
3,16,8,140,8,4.84182472500676,2.85108937844031
3,16,8,141,8,4.8065234655748,2.81834420264275
3,16,8,142,8,4.79701063546517,2.81833427850613
3,16,8,143,8,4.84762272995645,2.85295291735914
3,16,8,144,8,4.83784911898453,2.8528600395965
3,16,8,145,8,4.88876971903358,2.88780705284265
3,16,8,146,8,4.85397927940783,2.85566813083317
3,16,8,147,8,4.84451323681981,2.85569475613054
3,16,8,148,8,4.89335856312721,2.88895400151164
3,16,8,149,8,4.88365394591027,2.88892711119994
3,16,8,150,8,4.85162277436557,2.85920916729916
3,16,8,151,8,4.89850180882284,2.89088643429594
3,16,8,152,8,4.78976834486055,2.81233769230625
3,16,8,153,8,4.83786685934353,2.84566274874455
3,16,8,154,8,4.828566258761,2.84516067701694
3,16,8,155,8,4.79731099434009,2.81607028446889
3,16,8,156,8,4.84352936785498,2.84775414165446
3,16,8,157,8,4.83451086533647,2.84743185428223
3,16,8,158,8,4.88100563771436,2.87943407799051
3,16,8,159,8,4.8717781638542,2.87907296489549
3,16,8,160,8,4.84088079424816,2.85035081831747
3,16,8,161,8,4.88562614487324,2.88090124390425
3,16,8,162,8,4.87667052797982,2.88065357191717
3,16,8,163,8,4.92164987240581,2.91141669776274
3,16,8,164,8,4.83968016413198,2.85462746210136
3,16,8,165,8,4.79053579798856,2.81062831445532
3,16,8,166,8,4.83465675756433,2.84124568104554
3,16,8,167,8,4.82604481480856,2.84059414388665
3,16,8,168,8,4.87038244719965,2.8714368633831
3,16,8,169,8,4.78999398325642,2.81484152829541
3,16,8,170,8,4.83177849635124,2.84298909290432
3,16,8,171,8,4.87455033303144,2.87249578328237
3,16,8,172,8,4.86600372626399,2.87197691475663
3,16,8,173,8,4.83786081503208,2.84592826330087
3,16,8,174,8,4.83023688084492,2.84645351713128
3,16,8,175,8,4.87082308822478,2.87376933590612
3,16,8,176,8,4.91231347064643,2.90222842094722
3,16,8,177,8,4.90383665163182,2.90180109176344
3,16,8,178,8,4.79125821278226,2.80927482957099
3,16,8,179,8,4.78390225658456,2.80952926213463
3,16,8,180,8,4.82398691429386,2.83683419897112
3,16,8,181,8,4.86493323577685,2.86536814544357
3,16,8,182,8,4.85675878972518,2.86459163396652
3,16,8,183,8,4.82950425298736,2.83929037409659
3,16,8,184,8,4.82216593993926,2.83955312105006
3,16,8,185,8,4.86114138258284,2.86602840537559
3,16,8,186,8,4.85364485173609,2.86624629961271
3,16,8,187,8,4.82814823903459,2.84251416719067
3,16,8,188,8,4.86585744396907,2.86795513006118
3,16,8,189,8,4.8585436158516,2.86820863205379
3,16,8,190,8,4.89645920569306,2.89388575437511
3,16,8,191,8,4.81000806305076,2.83156883042066
3,16,8,192,8,4.78500325178507,2.80824829110553
3,16,8,193,8,4.82228034843742,2.83368959976747
3,16,8,194,8,4.81520733692364,2.83369957950942
3,16,8,195,8,4.85267787288062,2.8593867883981
3,16,8,196,8,4.84546287776342,2.8593616317903
3,16,8,197,8,4.82067516995727,2.83624983388878
3,16,8,198,8,4.85699337220454,2.86097350838257
3,16,8,199,8,4.84994931043626,2.86101571504573
3,16,8,200,8,4.88643676549138,2.88592173742011
3,16,8,201,8,4.82001273987887,2.83992949691199
3,16,8,202,8,4.8547055296481,2.86306840125484
3,16,8,203,8,4.89010426357185,2.88709911479995
3,16,8,204,8,4.80916041539648,2.82871306835259
3,16,8,205,8,4.84522492087517,2.85365879749622
3,16,8,206,8,4.77983906564296,2.80779473574064
3,16,8,207,8,4.81417400509777,2.83089451259019
3,16,8,208,8,4.84918572523385,2.85494060290369
3,16,8,209,8,4.84239194371596,2.8547780842687
3,16,8,210,8,4.81941616045285,2.83343998357186
3,16,8,211,8,4.81324636814651,2.83398992850365
3,16,8,212,8,4.84677134219499,2.85653459054878
3,16,8,213,8,4.88092548824779,2.87989938153151
3,16,8,214,8,4.87416713707521,2.87978242918891
3,16,8,215,8,4.85138090549647,2.85863766877545
3,16,8,216,8,4.84521769186948,2.85914714414091
3,16,8,217,8,4.80847920346875,2.82629957293979
3,16,8,218,8,4.84226399473548,2.84970381218062
3,16,8,219,8,4.83570316093423,2.8493466873607
3,16,8,220,8,4.81331159883326,2.82850179562712
3,16,8,221,8,4.80732610251878,2.82885407969861
3,16,8,222,8,4.83974616084059,2.85083366309586
3,16,8,223,8,4.87273015586665,2.87357198742418
3,16,8,224,8,4.81247371728466,2.83140394740198
3,16,8,225,8,4.8440109144221,2.85265506357828
3,16,8,226,8,4.83803644308388,2.85299650064874
3,16,8,227,8,4.86972399077709,2.87443464351997
3,16,8,228,8,4.90193880247311,2.89653790759613
3,16,8,229,8,4.84261606573162,2.85513413870614
3,16,8,230,8,4.80792588311876,2.82423688153184
3,16,8,231,8,4.80211456917371,2.82439959493965
3,16,8,232,8,4.83348988080195,2.84584146558805
3,16,8,233,8,4.81258384893031,2.82643929717161
3,16,8,234,8,4.80688537168825,2.82664996068253
3,16,8,235,8,4.83744486191634,2.8474059307396
3,16,8,236,8,4.83164801124192,2.84758324319518
3,16,8,237,8,4.86233496815379,2.86849069768518
3,16,8,238,8,4.84159194429003,2.84926536475922
3,16,8,239,8,4.83590575494439,2.8494733015718
3,16,8,240,8,4.86581491325781,2.86974818836261
3,16,8,241,8,4.86003559098769,2.86993026736227
3,16,8,242,8,4.89005898269823,2.89032238115294
3,16,8,243,8,4.86948715881669,2.8712873654544
3,16,8,244,8,4.80193317995649,2.82250317671605
3,16,8,245,8,4.83156480971444,2.84278556816569
3,16,8,246,8,4.82593545586524,2.84280461825625
3,16,8,247,8,4.80652628544732,2.82474108825034
3,16,8,248,8,4.83542627181678,2.84440144729606
3,16,8,249,8,4.82990213038614,2.84446675866353
3,16,8,250,8,4.85892027545805,2.86427289225846
3,16,8,251,8,4.85331044462271,2.86431636963788
3,16,8,252,8,4.83403122751058,2.84637888458547
3,16,8,253,8,4.86235005040388,2.86560903684229
3,16,8,254,8,4.85684328211765,2.86568403584993
3,16,8,255,8,4.8852686852419,2.88502964810403
3,16,8,256,9,4.87968055898197,2.88508815342637
7,32,16,4,3,3.42598287007241,2.32397878598223
7,32,16,5,3,2.28644689793494,1.52817428813114
7,32,16,6,3,3.02970088224053,1.99009647356725
7,32,16,7,3,2.65225678758075,1.64809715192534
7,32,16,8,4,2.54879656297626,1.54020509669127
7,32,16,9,4,2.45019587831809,1.59361147051604
7,32,16,10,4,2.80978858539805,1.88509184947223
7,32,16,11,4,2.24241882959375,1.32794288024107
7,32,16,12,4,2.79240018762505,1.76886599439987
7,32,16,13,4,2.64052248044031,1.69760498753533
7,32,16,14,4,2.39430809940598,1.56229194236569
7,32,16,15,4,2.21851085541518,1.36513247719048
7,32,16,16,5,2.20379630358795,1.2858081438243
7,32,16,17,5,2.35789572554064,1.36839900317894
7,32,16,18,5,2.3327725364289,1.29764112872626
7,32,16,19,5,2.33976487818309,1.38099891652851
7,32,16,20,5,2.342936010146,1.3266270341305
7,32,16,21,5,2.34502344029778,1.37687584405085
7,32,16,22,5,2.36424642071314,1.42646754696016
7,32,16,23,5,2.28530278450479,1.28446510800232
7,32,16,24,5,2.42177851364015,1.41103821202538
7,32,16,25,5,2.34536856138987,1.50788695147818
7,32,16,26,5,2.30193174203076,1.39769614704476
7,32,16,27,5,2.14282086084324,1.23183632977064
7,32,16,28,5,2.30925828089235,1.39993130250872
7,32,16,29,5,2.27201426852092,1.3486930645965
7,32,16,30,5,2.26354031190633,1.36831733133652
7,32,16,31,5,2.27952527970042,1.34596914866236
7,32,16,32,6,2.29047232670423,1.39027497200427
7,32,16,33,6,2.10791304551534,1.2118991937014
7,32,16,34,6,2.22160153220091,1.25206922245312
7,32,16,35,6,2.35433998317918,1.38743492303515
7,32,16,36,6,2.23041840417892,1.26526038337808
7,32,16,37,6,2.19486732639954,1.24689883337496
7,32,16,38,6,2.3198480997597,1.34993608109954
7,32,16,39,6,2.30509560960075,1.36237104229879
7,32,16,40,6,2.29296654561121,1.33822764334151
7,32,16,41,6,2.18618698772529,1.21992119603396
7,32,16,42,6,2.17892744979137,1.22017946285556
7,32,16,43,6,2.27758706903553,1.2869595599677
7,32,16,44,6,2.14014983570959,1.23854140975072
7,32,16,45,6,2.21291684791782,1.24355914443154
7,32,16,46,6,2.29932340829568,1.33175206743263
7,32,16,47,6,2.22326100413715,1.25615543562302
7,32,16,48,6,2.20345133002954,1.25834698055564
7,32,16,49,6,2.28595364983761,1.31276576398626
7,32,16,50,6,2.17721097979025,1.21534124035235
7,32,16,51,6,2.26608909372201,1.28022723334441
7,32,16,52,6,2.25727285479035,1.2613024198687
7,32,16,53,6,2.18984455580449,1.23596457228334
7,32,16,54,6,2.25826808821001,1.26379853861138
7,32,16,55,6,2.32804080880045,1.33728901279911
7,32,16,56,6,2.24898015109925,1.27202293894287
7,32,16,57,6,2.30560581910848,1.32917678998286
7,32,16,58,6,2.25918826831198,1.28503782235447
7,32,16,59,6,2.18918258072441,1.28067815436014
7,32,16,60,6,2.22108560365798,1.23070368041888
7,32,16,61,6,2.23191344916298,1.24439396572736
7,32,16,62,6,2.25082988536294,1.26451597257712
7,32,16,63,6,2.2455392277138,1.25461918989282
7,32,16,64,7,2.19766685079342,1.2494589970656
7,32,16,65,7,2.24883898621684,1.2592799744215
7,32,16,66,7,2.30172473079564,1.31373959043263
7,32,16,67,7,2.24469287074806,1.27333915827982
7,32,16,68,7,2.21640915832132,1.22779814187588
7,32,16,69,7,2.22501207375666,1.22225167871378
7,32,16,70,7,2.22092743399704,1.24043394170387
7,32,16,71,7,2.22155091393369,1.23948145880566
7,32,16,72,7,2.27463989991458,1.26833677784616
7,32,16,73,7,2.26884917656896,1.27986807835004
7,32,16,74,7,2.33570582580435,1.34018571882997
7,32,16,75,7,2.23621727815256,1.28965090511586
7,32,16,76,7,2.27132073130517,1.28060651703448
7,32,16,77,7,2.24517539755337,1.24194169222641
7,32,16,78,7,2.21922813488697,1.267374667767
7,32,16,79,7,2.22429177533002,1.25641816194655
7,32,16,80,7,2.2077206497257,1.23008081827886
7,32,16,81,7,2.20322070739668,1.24381508401038
7,32,16,82,7,2.20067975300716,1.23610896239972
7,32,16,83,7,2.25836389036823,1.28655898372206
7,32,16,84,7,2.25249275808874,1.2953038358484
7,32,16,85,7,2.31952921359534,1.35421141903013
7,32,16,86,7,2.18293520663577,1.20366857723541
7,32,16,87,7,2.19129098425351,1.21601736467406
7,32,16,88,7,2.22691752307102,1.24976163358067
7,32,16,89,7,2.23715708984296,1.26737240347373
7,32,16,90,7,2.2228351194694,1.25524523686447
7,32,16,91,7,2.27280141875094,1.2994502697593
7,32,16,92,7,2.23794603786814,1.26405674427338
7,32,16,93,7,2.27457443815942,1.30259736270514
7,32,16,94,7,2.27013505329924,1.29407283099327
7,32,16,95,7,2.21280228862026,1.23683977910019
7,32,16,96,7,2.25794373585625,1.27339570562302
7,32,16,97,7,2.18734345745545,1.21288243190853
7,32,16,98,7,2.19470511926068,1.22323042990034
7,32,16,99,7,2.22461398626088,1.2482236241175
7,32,16,100,7,2.27399803086364,1.29156417374112
7,32,16,101,7,2.22241080601145,1.25653726211261
7,32,16,102,7,2.2638943751686,1.29070735398081
7,32,16,103,7,2.27077306753096,1.28607826719541
7,32,16,104,7,2.21547822039064,1.23037271805667
7,32,16,105,7,2.21443289873649,1.22669655519941
7,32,16,106,7,2.21360118887612,1.2403444488214
7,32,16,107,7,2.25146865130807,1.26800293464575
7,32,16,108,7,2.24607398193955,1.25870820944344
7,32,16,109,7,2.21808604367205,1.24738125033042
7,32,16,110,7,2.24231460639313,1.26349323345428
7,32,16,111,7,2.28132939058021,1.29651778380244
7,32,16,112,7,2.24125474018781,1.24987271334655
7,32,16,113,7,2.23080429749193,1.24274543166144
7,32,16,114,7,2.23525140025342,1.23754667032765
7,32,16,115,7,2.21543369193535,1.23280217547348
7,32,16,116,7,2.21474206013046,1.23144917667554
7,32,16,117,7,2.24002891972276,1.25268601099911
7,32,16,118,7,2.24701196845673,1.26516264639956
7,32,16,119,7,2.24273937564921,1.25710087130877
7,32,16,120,7,2.24120132130886,1.25344714610925
7,32,16,121,7,2.20262965574732,1.22702763156385
7,32,16,122,7,2.23188282139404,1.23687388027598
7,32,16,123,7,2.23809569852402,1.24869877443116
7,32,16,124,7,2.22958361008099,1.24546206062609
7,32,16,125,7,2.23340897487525,1.23908626589341
7,32,16,126,7,2.23234584541264,1.25038677827687
7,32,16,127,7,2.26338949527714,1.27181298442146
7,32,16,128,8,2.2534889542881,1.26509401659659
7,32,16,129,8,2.25979106058072,1.27540472051647
7,32,16,130,8,2.22053619838857,1.23365183496791
7,32,16,131,8,2.2421316331213,1.25761576168604
7,32,16,132,8,2.19757906679707,1.22286780569912
7,32,16,133,8,2.2220171692981,1.24652458195119
7,32,16,134,8,2.26051802107117,1.28100866976138
7,32,16,135,8,2.21842100009721,1.2500533638311
7,32,16,136,8,2.22249688315257,1.24530056323704
7,32,16,137,8,2.22111116377616,1.25379768430704
7,32,16,138,8,2.2537521652913,1.2819179099271
7,32,16,139,8,2.20578575930445,1.22636246678064
7,32,16,140,8,2.21153565705723,1.23602737749348
7,32,16,141,8,2.20835871720422,1.23136992252897
7,32,16,142,8,2.23853016751659,1.25451418076978
7,32,16,143,8,2.21341587554933,1.23772427053417
7,32,16,144,8,2.23427522477701,1.25646390924591
7,32,16,145,8,2.26652743400527,1.28525478994819
7,32,16,146,8,2.26362104792754,1.29115164626098
7,32,16,147,8,2.23572868829014,1.25688851333784
7,32,16,148,8,2.22204194317223,1.23439449598175
7,32,16,149,8,2.22731490847176,1.24329587581451
7,32,16,150,8,2.23642899081951,1.25500280105574
7,32,16,151,8,2.23434685908405,1.25026794150471
7,32,16,152,8,2.20920371865735,1.23404229920887
7,32,16,153,8,2.23592659548975,1.25278358054803
7,32,16,154,8,2.21396942674338,1.24053018429318
7,32,16,155,8,2.23269678820016,1.25594377887476
7,32,16,156,8,2.26130744719206,1.2806420899288
7,32,16,157,8,2.22564378651422,1.2443147758268
7,32,16,158,8,2.20421296636964,1.22407938688219
7,32,16,159,8,2.22148673678886,1.23591940120415
7,32,16,160,8,2.22635995369023,1.24392690829655
7,32,16,161,8,2.24570921734124,1.26283278227547
7,32,16,162,8,2.24428504201628,1.25878487479454
7,32,16,163,8,2.2282829348371,1.2458684277313
7,32,16,164,8,2.24613474649352,1.26172150407525
7,32,16,165,8,2.273485999563,1.28556109613497
7,32,16,166,8,2.21568414945001,1.23486056180022
7,32,16,167,8,2.22629393719194,1.23754668963267
7,32,16,168,8,2.2458909484583,1.25707048639194
7,32,16,169,8,2.22801776802635,1.24036606143409
7,32,16,170,8,2.22124203256473,1.23803950859564
7,32,16,171,8,2.2257677495456,1.24528866551545
7,32,16,172,8,2.24331910197071,1.26130166228545
7,32,16,173,8,2.24214664172704,1.25834766897933
7,32,16,174,8,2.22785123228236,1.24774237244997
7,32,16,175,8,2.21651660719391,1.22912627606693
7,32,16,176,8,2.23917239098181,1.24368685315867
7,32,16,177,8,2.21619479613259,1.23832396798969
7,32,16,178,8,2.23633072473996,1.2474412700569
7,32,16,179,8,2.25362918843841,1.26394467604418
7,32,16,180,8,2.23823277020729,1.25054478079126
7,32,16,181,8,2.23297305500221,1.2502310466735
7,32,16,182,8,2.25371476169243,1.26308295239077
7,32,16,183,8,2.25383327546649,1.27982809743957
7,32,16,184,8,2.24287255140555,1.26155981009138
7,32,16,185,8,2.19302445167882,1.21958034561085
7,32,16,186,8,2.20864271615146,1.23208801110374
7,32,16,187,8,2.23220965489728,1.25107147998519
7,32,16,188,8,2.23024133050963,1.25655106918806
7,32,16,189,8,2.22883056153124,1.25281993267588
7,32,16,190,8,2.24651980564507,1.27103924522823
7,32,16,191,8,2.23068235524298,1.25544469251869
7,32,16,192,8,2.2244666008561,1.25164267062297
7,32,16,193,8,2.21934946483333,1.23492567655054
7,32,16,194,8,2.22352510912816,1.24230779801007
7,32,16,195,8,2.24035030656611,1.25933221564583
7,32,16,196,8,2.22041413530825,1.23590442244881
7,32,16,197,8,2.21955202250249,1.24234136213713
7,32,16,198,8,2.24021529684561,1.25782510994535
7,32,16,199,8,2.25707928622928,1.2755554103229
7,32,16,200,8,2.23801008608388,1.26016347805259
7,32,16,201,8,2.2538338684419,1.276107556563
7,32,16,202,8,2.21518838913931,1.23422279664193
7,32,16,203,8,2.21978335736596,1.23853433796272
7,32,16,204,8,2.21892556783224,1.23597666164996
7,32,16,205,8,2.22284973577477,1.24280537843021
7,32,16,206,8,2.23834754300471,1.25788883905813
7,32,16,207,8,2.24155743954237,1.25528524274143
7,32,16,208,8,2.21958146627307,1.24376168275532
7,32,16,209,8,2.23852185516098,1.2569440462165
7,32,16,210,8,2.25407865546055,1.27289354917731
7,32,16,211,8,2.21361898316808,1.23304268604989
7,32,16,212,8,2.22731552653741,1.24417268137836
7,32,16,213,8,2.2298712065316,1.24116351186824
7,32,16,214,8,2.23356462353833,1.24757170126916
7,32,16,215,8,2.22822950088139,1.24499497469933
7,32,16,216,8,2.24719716085257,1.25937640964642
7,32,16,217,8,2.24590768380761,1.26405129596081
7,32,16,218,8,2.24859799650599,1.26157805187675
7,32,16,219,8,2.22971034568794,1.25351073624893
7,32,16,220,8,2.21480498476275,1.22951823833706
7,32,16,221,8,2.22837609245913,1.24143154764177
7,32,16,222,8,2.23198608607263,1.24788641402793
7,32,16,223,8,2.22668804910003,1.2450278806001
7,32,16,224,8,2.22903916737625,1.24184901555091
7,32,16,225,8,2.23253289434864,1.24783743128279
7,32,16,226,8,2.24633962546968,1.26119432796951
7,32,16,227,8,2.24526643468054,1.2586288444277
7,32,16,228,8,2.2442521448136,1.26330572935359
7,32,16,229,8,2.22505674569006,1.23422364446058
7,32,16,230,8,2.22070606081918,1.23418479257608
7,32,16,231,8,2.2238464781327,1.23903336818085
7,32,16,232,8,2.2361735744926,1.24905657224147
7,32,16,233,8,2.23959500825059,1.25484130859563
7,32,16,234,8,2.23899111050655,1.25317547314312
7,32,16,235,8,2.23180604638103,1.25317558301136
7,32,16,236,8,2.23547012624154,1.25915980970974
7,32,16,237,8,2.24921747817869,1.27337247068845
7,32,16,238,8,2.21784686528696,1.23590125518077
7,32,16,239,8,2.21677280394054,1.24068035605113
7,32,16,240,8,2.21919209065359,1.23806133935671
7,32,16,241,8,2.23258424995504,1.25155398332617
7,32,16,242,8,2.21758581903302,1.24104914425108
7,32,16,243,8,2.23026468308361,1.2530523252543
7,32,16,244,8,2.24879538141615,1.26906178973202
7,32,16,245,8,2.25246952351055,1.27547862913566
7,32,16,246,8,2.23093600273905,1.25291223238447
7,32,16,247,8,2.22737279697642,1.24046694531687
7,32,16,248,8,2.22612695805644,1.24500321070071
7,32,16,249,8,2.22546295190552,1.24291893451058
7,32,16,250,8,2.22483759613656,1.24780651744255
7,32,16,251,8,2.24138834935108,1.26095662721043
7,32,16,252,8,2.23914956086347,1.25717129578942
7,32,16,253,8,2.22591447029876,1.24864408254595
7,32,16,254,8,2.2415971538563,1.2601964499607
7,32,16,255,8,2.2466886110212,1.26731881815342
7,32,16,256,9,2.22951413947988,1.24683631457761
15,64,32,4,3,2.71800819262127,1.61288194102323
15,64,32,5,3,1.33254900418195,0.850691184839224
15,64,32,6,3,1.19797900778393,0.757553009284906
15,64,32,7,3,1.24369812682548,0.866438827599486
15,64,32,8,4,1.12305041506179,0.786807965716252
15,64,32,9,4,1.09480791711167,0.690712268150514
15,64,32,10,4,0.88040709412189,0.547618370879162
15,64,32,11,4,1.16617850219401,0.742869304731242
15,64,32,12,4,0.977578444774751,0.625535791683229
15,64,32,13,4,1.26915150718895,0.823286811200743
15,64,32,14,4,1.04521064704085,0.583127623407858
15,64,32,15,4,1.07327461719202,0.653951705805908
15,64,32,16,5,1.12577065599734,0.737656080773183
15,64,32,17,5,1.05837122455072,0.60024634746333
15,64,32,18,5,0.937097552510208,0.567617144298701
15,64,32,19,5,1.03254643475346,0.638868995911147
15,64,32,20,5,1.25846099955826,0.855543364510541
15,64,32,21,5,1.01959629422384,0.598068351626838
15,64,32,22,5,1.17675641529194,0.775699994965093
15,64,32,23,5,1.30938896678514,0.843679584781168
15,64,32,24,5,0.954706027199444,0.57847640282462
15,64,32,25,5,1.03307845772238,0.632100936451552
15,64,32,26,5,1.00109668926815,0.607894842754487
15,64,32,27,5,1.00174725555062,0.62339262272108
15,64,32,28,5,1.10190414730922,0.71719565002785
15,64,32,29,5,0.960403041152488,0.605292944123152
15,64,32,30,5,0.991087238072139,0.59352186183339
15,64,32,31,5,0.977256001851325,0.627591535508509
15,64,32,32,6,1.03392059686298,0.589359516475305
15,64,32,33,6,1.02256708649457,0.586358396141428
15,64,32,34,6,1.01360168871416,0.62694067076357
15,64,32,35,6,0.98722179833253,0.566873122631134
15,64,32,36,6,0.916570325876719,0.537720357642854
15,64,32,37,6,0.927308496434253,0.520118885679071
15,64,32,38,6,0.951354053717735,0.523050991018218
15,64,32,39,6,0.962129463498556,0.556928380261324
15,64,32,40,6,0.957016538190407,0.537111433178423
15,64,32,41,6,0.956914783684793,0.577557172542999
15,64,32,42,6,0.997179406714146,0.602722094920382
15,64,32,43,6,0.997970956660817,0.589690405741235
15,64,32,44,6,1.05518719158931,0.690758617113695
15,64,32,45,6,0.995294881581867,0.552867126032788
15,64,32,46,6,0.976537442840544,0.534240165898915
15,64,32,47,6,0.988570080787307,0.56499901806717
15,64,32,48,6,0.978691724623339,0.612145124464142
15,64,32,49,6,0.991744771788791,0.599233931928203
15,64,32,50,6,0.953134536692618,0.536670734388773
15,64,32,51,6,0.976329272761749,0.548058898836222
15,64,32,52,6,0.949760231181846,0.586875472178892
15,64,32,53,6,0.960147969387702,0.56894196270108
15,64,32,54,6,0.966351446148478,0.563556946916585
15,64,32,55,6,0.955381802784199,0.564438740554255
15,64,32,56,6,0.97011440602011,0.549144700937192
15,64,32,57,6,0.943679140475868,0.542413620349064
15,64,32,58,6,0.939307144512625,0.56489897371068
15,64,32,59,6,0.948690613091241,0.532537511465624
15,64,32,60,6,0.966150876525506,0.597737432918255
15,64,32,61,6,0.971021591369928,0.545062925207749
15,64,32,62,6,0.972821978395649,0.553960292001781
15,64,32,63,6,0.975189211141859,0.552189803531363
15,64,32,64,7,0.96921111021761,0.54296006712354
15,64,32,65,7,0.974813909527829,0.618430299083963
15,64,32,66,7,0.952192893003548,0.538798997075742
15,64,32,67,7,0.954956669588295,0.555226077851803
15,64,32,68,7,0.95591680657141,0.5428698972904
15,64,32,69,7,0.949369893244516,0.559132864672011
15,64,32,70,7,0.979023072553647,0.534366240463064
15,64,32,71,7,0.949070802498866,0.533538710428124
15,64,32,72,7,0.973600374706291,0.573996643851372
15,64,32,73,7,0.963898579733024,0.590660790268597
15,64,32,74,7,0.990845449298142,0.587900644502864
15,64,32,75,7,0.982986688416696,0.543526867592591
15,64,32,76,7,0.976842963941088,0.55072509571536
15,64,32,77,7,0.994364571246916,0.615232404346846
15,64,32,78,7,0.950170888352552,0.565891608808733
15,64,32,79,7,0.953942133049619,0.57066806271422
15,64,32,80,7,0.96329703656664,0.530364704615349
15,64,32,81,7,0.970692840393099,0.58221447642396
15,64,32,82,7,0.970611572649964,0.557604126787142
15,64,32,83,7,0.97291137598955,0.571228070107005
15,64,32,84,7,0.967791650597342,0.573342233316144
15,64,32,85,7,0.973534210083924,0.544220852049935
15,64,32,86,7,0.97655732728611,0.588193509107429
15,64,32,87,7,0.97959499173838,0.584128132009164
15,64,32,88,7,0.966883805806911,0.529602921365273
15,64,32,89,7,0.953172182872699,0.543299178045637
15,64,32,90,7,0.949529634149372,0.559876835006763
15,64,32,91,7,0.968135159696265,0.523937873092192
15,64,32,92,7,0.950408231277943,0.530198002576362
15,64,32,93,7,0.972255614287217,0.591854882192304
15,64,32,94,7,0.948753380301889,0.564453920508421
15,64,32,95,7,0.959270762958317,0.529207533186388
15,64,32,96,7,0.966518541196091,0.545445279604695
15,64,32,97,7,0.963875667495218,0.586553343051853
15,64,32,98,7,0.954596847480355,0.558878678690238
15,64,32,99,7,0.961545192936273,0.528545484421185
15,64,32,100,7,0.959621523342265,0.560633276360354
15,64,32,101,7,0.956401432050689,0.54501836038318
15,64,32,102,7,0.985870772062099,0.604064332829844
15,64,32,103,7,0.964756163100791,0.545482636092381
15,64,32,104,7,0.960693416396478,0.547358529204654
15,64,32,105,7,0.95674390930287,0.546886827358365
15,64,32,106,7,0.972487580834406,0.564000748810678
15,64,32,107,7,0.935288872102861,0.519234509343734
15,64,32,108,7,0.930444277807733,0.519134508386143
15,64,32,109,7,0.938955219624015,0.534128163586181
15,64,32,110,7,0.945115677377529,0.533529565935043
15,64,32,111,7,0.941655034696525,0.531243383080314
15,64,32,112,7,0.959964284152889,0.541712795820927
15,64,32,113,7,0.930530410605646,0.513340267200292
15,64,32,114,7,0.953818218877891,0.559445893905491
15,64,32,115,7,0.940396924487547,0.538840930294942
15,64,32,116,7,0.962363776190264,0.559565579195225
15,64,32,117,7,0.963506761233419,0.546860241631095
15,64,32,118,7,0.946403753145488,0.538383734988969
15,64,32,119,7,0.958242188460313,0.538363228047717
15,64,32,120,7,0.96347907291173,0.543498712000939
15,64,32,121,7,0.935921083085476,0.528659219043796
15,64,32,122,7,0.940749455246263,0.530736861201863
15,64,32,123,7,0.932979584496478,0.515029908833092
15,64,32,124,7,0.949339607060574,0.543743027935806
15,64,32,125,7,0.962927855012908,0.564241765125431
15,64,32,126,7,0.942934015800801,0.531914714473723
15,64,32,127,7,0.947787919612627,0.529573189988885
15,64,32,128,8,0.937688158847564,0.51798834929963
15,64,32,129,8,0.941313435911714,0.520282429660373
15,64,32,130,8,0.940468268851741,0.515911502950788
15,64,32,131,8,0.95527103365161,0.542039415394432
15,64,32,132,8,0.936253714669368,0.536778928596713
15,64,32,133,8,0.954687054214743,0.525846645763493
15,64,32,134,8,0.945189068619865,0.526045873890985
15,64,32,135,8,0.949895960238653,0.537900097248989
15,64,32,136,8,0.944176168962556,0.523077267273898
15,64,32,137,8,0.944527281026177,0.524263729500676
15,64,32,138,8,0.937569617684034,0.505423243509978
15,64,32,139,8,0.933955026037988,0.53403718599073
15,64,32,140,8,0.941743699534863,0.5167985932237
15,64,32,141,8,0.957253299325804,0.539360671615145
15,64,32,142,8,0.946378976448632,0.539016982104107
15,64,32,143,8,0.953117690990062,0.524738624536489
15,64,32,144,8,0.949991227170194,0.51364127310625
15,64,32,145,8,0.951647087900057,0.521781795360645
15,64,32,146,8,0.958758555699265,0.536202301023475
15,64,32,147,8,0.959751018350232,0.56604599645551
15,64,32,148,8,0.962590854709332,0.528246216244804
15,64,32,149,8,0.948223495054258,0.521635019710532
15,64,32,150,8,0.943779171729406,0.52853830029077
15,64,32,151,8,0.941847999701018,0.515529936632156
15,64,32,152,8,0.94577621816972,0.542752532151694
15,64,32,153,8,0.943290158739744,0.544108468221553
15,64,32,154,8,0.957225254640097,0.524590257055787
15,64,32,155,8,0.949564416616811,0.53286585408219
15,64,32,156,8,0.959198444003734,0.557444624409022
15,64,32,157,8,0.951975353586683,0.538318148784192
15,64,32,158,8,0.946360580981605,0.531778774865956
15,64,32,159,8,0.944260908447659,0.52869841139791
15,64,32,160,8,0.941817162920573,0.532595242018013
15,64,32,161,8,0.949939521878218,0.524670857865673
15,64,32,162,8,0.946746560101599,0.517842214347687
15,64,32,163,8,0.946829510968971,0.556934228180627
15,64,32,164,8,0.940715931672544,0.521253599365638
15,64,32,165,8,0.95194238438678,0.525718923094797
15,64,32,166,8,0.955084710068847,0.541800187336713
15,64,32,167,8,0.947786474490952,0.535118567859012
15,64,32,168,8,0.948079989527311,0.559895321059912
15,64,32,169,8,0.943608247353752,0.523445025879294
15,64,32,170,8,0.947017881289631,0.526335824160042
15,64,32,171,8,0.948242059900069,0.54407771315021
15,64,32,172,8,0.945397979657988,0.531330849372546
15,64,32,173,8,0.960692789588835,0.526623043420518
15,64,32,174,8,0.945015652284856,0.527328183675433
15,64,32,175,8,0.955346256828916,0.524270704580569
15,64,32,176,8,0.945409285351392,0.538979862383189
15,64,32,177,8,0.950485094051095,0.540214977933937
15,64,32,178,8,0.947133693989783,0.521196070256746
15,64,32,179,8,0.943966313069959,0.524242424086326
15,64,32,180,8,0.95198854948192,0.522494221019347
15,64,32,181,8,0.94452312753021,0.523301047283942
15,64,32,182,8,0.945778916791166,0.525688703552521
15,64,32,183,8,0.95042528130349,0.514784170319476
15,64,32,184,8,0.947969496140197,0.537772201048854
15,64,32,185,8,0.954095849824373,0.523243775943608
15,64,32,186,8,0.958828973274601,0.521081931081754
15,64,32,187,8,0.953401832066523,0.528094332597553
15,64,32,188,8,0.955776510054489,0.533399402429447
15,64,32,189,8,0.95505750879858,0.551064862692205
15,64,32,190,8,0.955642350879223,0.524735954931586
15,64,32,191,8,0.949118146407097,0.525967852915314
15,64,32,192,8,0.944557046684878,0.543594474374044
15,64,32,193,8,0.935332492704732,0.518002255144433
15,64,32,194,8,0.950496803256418,0.524550203244282
15,64,32,195,8,0.941770418538325,0.522398053946745
15,64,32,196,8,0.951179271039238,0.539127999155413
15,64,32,197,8,0.94546352555097,0.527992364846747
15,64,32,198,8,0.946468609467477,0.532878122625723
15,64,32,199,8,0.946048461765076,0.522711620041043
15,64,32,200,8,0.941262456284401,0.527226638605839
15,64,32,201,8,0.947847316886747,0.536097169684818
15,64,32,202,8,0.949842609493165,0.522926171686948
15,64,32,203,8,0.951504947533422,0.525875957091535
15,64,32,204,8,0.960774990904226,0.536317009549597
15,64,32,205,8,0.95017365020382,0.53577563878234
15,64,32,206,8,0.942772758521671,0.534928984787938
15,64,32,207,8,0.948688088182102,0.51956025623835
15,64,32,208,8,0.950081554696449,0.523749223541071
15,64,32,209,8,0.951890616120612,0.527287314820012
15,64,32,210,8,0.954411328547706,0.526501536321236
15,64,32,211,8,0.947052662071706,0.531549669822862
15,64,32,212,8,0.943225077357001,0.51984560176635
15,64,32,213,8,0.953768275263681,0.551784319077073
15,64,32,214,8,0.947707571350812,0.529683095239177
15,64,32,215,8,0.960124107268672,0.525012934496555
15,64,32,216,8,0.951778631370574,0.545913627978626
15,64,32,217,8,0.958021872558491,0.552317913464819
15,64,32,218,8,0.954823647216027,0.525538082762733
15,64,32,219,8,0.955360256094486,0.541575589582218
15,64,32,220,8,0.947858572398667,0.524572084283196
15,64,32,221,8,0.94628504951167,0.546669339742717
15,64,32,222,8,0.951931789282606,0.541926696720623
15,64,32,223,8,0.948444013306525,0.532675632966784
15,64,32,224,8,0.954446769146549,0.534502176217732
15,64,32,225,8,0.954809752898163,0.537089795905055
15,64,32,226,8,0.953239199188358,0.552965014818784
15,64,32,227,8,0.949772354253192,0.529560443996026
15,64,32,228,8,0.95714410734076,0.527115484603342
15,64,32,229,8,0.949429713330384,0.542133600050831
15,64,32,230,8,0.946771335347849,0.529620999634661
15,64,32,231,8,0.952141779252983,0.542341603818079
15,64,32,232,8,0.951360853134677,0.530735726489066
15,64,32,233,8,0.948274816335193,0.536251193018965
15,64,32,234,8,0.949941306433525,0.544633085945988
15,64,32,235,8,0.94824232751002,0.522197924587715
15,64,32,236,8,0.950952938139755,0.522581153020091
15,64,32,237,8,0.947967053039518,0.558619632144732
15,64,32,238,8,0.953715452993577,0.54526976235894
15,64,32,239,8,0.951747001958977,0.521904505864597
15,64,32,240,8,0.951650905298809,0.535503631480654
15,64,32,241,8,0.950236853067832,0.535754083489242
15,64,32,242,8,0.94669360806024,0.54320979169291
15,64,32,243,8,0.952717092119824,0.538974886239328
15,64,32,244,8,0.954635572544362,0.522169575629781
15,64,32,245,8,0.957953395103573,0.524535479158084
15,64,32,246,8,0.955905885322152,0.538424474581246
15,64,32,247,8,0.95769803508063,0.527759865717882
15,64,32,248,8,0.947053157793842,0.528528685547519
15,64,32,249,8,0.953548433342044,0.520128676682536
15,64,32,250,8,0.95365480566864,0.532721643769123
15,64,32,251,8,0.949541942805035,0.533018123467352
15,64,32,252,8,0.947577064011936,0.525308391063961
15,64,32,253,8,0.953511497907897,0.527125717533433
15,64,32,254,8,0.94595824896324,0.53459675684454
15,64,32,255,8,0.955050269763403,0.522296081849773
15,64,32,256,9,0.950030113352983,0.535295166726244
31,128,64,4,3,1.0300412813545,0.673996820885503
31,128,64,5,3,0.826161470722924,0.565524881184821
31,128,64,6,3,0.998908773685283,0.634791653435326
31,128,64,7,3,0.703165342932817,0.476307508579926
31,128,64,8,4,1.00667000666951,0.595266609634009
31,128,64,9,4,0.63909939989488,0.440302669484081
31,128,64,10,4,0.663973688609242,0.440223846706277
31,128,64,11,4,1.00121007723463,0.585676052620152
31,128,64,12,4,0.602112818571623,0.407597394384194
31,128,64,13,4,0.525264442433144,0.32760821741763
31,128,64,14,4,0.565044429088319,0.338820375072464
31,128,64,15,4,0.568881824056809,0.378863686616169
31,128,64,16,5,0.536994025635301,0.347944960333092
31,128,64,17,5,0.486801670013442,0.303274818594265
31,128,64,18,5,0.479353364445015,0.298194935718134
31,128,64,19,5,0.54180061862997,0.352579450639144
31,128,64,20,5,0.488980974934693,0.299630385325576
31,128,64,21,5,0.488886844275187,0.301307357033034
31,128,64,22,5,0.60923547258359,0.407142091943894
31,128,64,23,5,0.524356377878332,0.321037747396659
31,128,64,24,5,0.598959461812316,0.385381755444
31,128,64,25,5,0.479588549979027,0.294676175232614
31,128,64,26,5,0.656530257374078,0.414167703601754
31,128,64,27,5,0.511581670142735,0.332450525908674
31,128,64,28,5,0.468061325653604,0.279641878647579
31,128,64,29,5,0.50279422696588,0.305773115693587
31,128,64,30,5,0.48143648771898,0.292333834391987
31,128,64,31,5,0.50677286324833,0.300992216385422
31,128,64,32,6,0.485389984517776,0.276564538687818
31,128,64,33,6,0.491295956859456,0.296022574209931
31,128,64,34,6,0.513667566417788,0.33115880571757
31,128,64,35,6,0.482059692048396,0.282202543797631
31,128,64,36,6,0.503320307881008,0.309886770727674
31,128,64,37,6,0.494487414216785,0.274491829442734
31,128,64,38,6,0.498250300887241,0.297185454690142
31,128,64,39,6,0.499226927366308,0.303081510397732
31,128,64,40,6,0.546419663600097,0.35967977814846
31,128,64,41,6,0.492002057267113,0.295176733527249
31,128,64,42,6,0.520948319057089,0.334459900303462
31,128,64,43,6,0.503362637395432,0.317572088076513
31,128,64,44,6,0.529804085243515,0.33265949481769
31,128,64,45,6,0.517697575062759,0.330635617778048
31,128,64,46,6,0.512950642328299,0.328124819924905
31,128,64,47,6,0.491640166393452,0.297508365173635
31,128,64,48,6,0.515681240183302,0.325369421495676
31,128,64,49,6,0.504790772883209,0.308258261815793
31,128,64,50,6,0.527538563414631,0.336671125941487
31,128,64,51,6,0.465914148328611,0.262077003821653
31,128,64,52,6,0.499008249234924,0.288962555643266
31,128,64,53,6,0.483206966346914,0.287020994880021
31,128,64,54,6,0.475807622565517,0.258788632796155
31,128,64,55,6,0.524200719557346,0.342226999188415
31,128,64,56,6,0.503260707755537,0.313532395828756
31,128,64,57,6,0.479463202471662,0.272816119101647
31,128,64,58,6,0.475149587653082,0.261702507889961
31,128,64,59,6,0.484390744599226,0.283303554412995
31,128,64,60,6,0.483811723349891,0.267106637818208
31,128,64,61,6,0.487557328880486,0.27426768755255
31,128,64,62,6,0.490825875551471,0.301414433886221
31,128,64,63,6,0.491781539787722,0.297713025733707
31,128,64,64,7,0.480019282196168,0.274510229733384
31,128,64,65,7,0.491930938247499,0.275316989540067
31,128,64,66,7,0.486584465657907,0.265283692865503
31,128,64,67,7,0.487664107801273,0.261740881089217
31,128,64,68,7,0.488752323039475,0.264901177560911
31,128,64,69,7,0.490311193034383,0.282958142305953
31,128,64,70,7,0.496403501962706,0.285628733773901
31,128,64,71,7,0.478856894697804,0.282132636104194
31,128,64,72,7,0.488797826363022,0.27535943177369
31,128,64,73,7,0.476572094900435,0.274728083220645
31,128,64,74,7,0.483604063402881,0.259417463242417
31,128,64,75,7,0.479124530329031,0.279939060539339
31,128,64,76,7,0.470500128986067,0.26115321489918
31,128,64,77,7,0.476594099214303,0.266779338663951
31,128,64,78,7,0.477349944584933,0.265034667981678
31,128,64,79,7,0.471436440008621,0.257013265671852
31,128,64,80,7,0.481541861501893,0.268197019701915
31,128,64,81,7,0.499543111518354,0.31521124059313
31,128,64,82,7,0.477659592028211,0.260595706179599
31,128,64,83,7,0.485033283396233,0.27124433207817
31,128,64,84,7,0.478631495046928,0.278424691971343
31,128,64,85,7,0.485589898991948,0.287715005882677
31,128,64,86,7,0.496956456071699,0.314165123125062
31,128,64,87,7,0.478533177314269,0.264869330284303
31,128,64,88,7,0.488659027844574,0.290054289626063
31,128,64,89,7,0.478695780128863,0.260370515698912
31,128,64,90,7,0.470915825048598,0.260862153517883
31,128,64,91,7,0.47867783861258,0.268506472790379
31,128,64,92,7,0.472552323303167,0.260225882303177
31,128,64,93,7,0.497944575081973,0.305513708988279
31,128,64,94,7,0.472651322021849,0.261194292848586
31,128,64,95,7,0.482778069012507,0.26441799087071
31,128,64,96,7,0.489069385274692,0.267070626402266
31,128,64,97,7,0.503224763890074,0.312819179714953
31,128,64,98,7,0.488429874941164,0.285788311087169
31,128,64,99,7,0.479872670599669,0.25792994187338
31,128,64,100,7,0.479646832969007,0.258915322187106
31,128,64,101,7,0.477520266167589,0.257144391626377
31,128,64,102,7,0.483257115502573,0.281538954380232
31,128,64,103,7,0.481412209015339,0.270712959186315
31,128,64,104,7,0.480540386242932,0.256486180579544
31,128,64,105,7,0.477547073462473,0.264673726811759
31,128,64,106,7,0.482062168346563,0.262297157395429
31,128,64,107,7,0.474592423345672,0.271805096018247
31,128,64,108,7,0.474716627922386,0.267535217814186
31,128,64,109,7,0.47624946521771,0.257094984328013
31,128,64,110,7,0.47598106433294,0.258097671533835
31,128,64,111,7,0.480796695261115,0.27156425584493
31,128,64,112,7,0.473506368346072,0.257442119175774
31,128,64,113,7,0.488169954801938,0.288668034889444
31,128,64,114,7,0.474225808100257,0.25937402608876
31,128,64,115,7,0.47739542545257,0.257838724980284
31,128,64,116,7,0.472590936296136,0.260130346267779
31,128,64,117,7,0.475296330403969,0.260368697572052
31,128,64,118,7,0.481345006574157,0.264630199963354
31,128,64,119,7,0.475942686184866,0.260383012308099
31,128,64,120,7,0.477861163743914,0.279130880045463
31,128,64,121,7,0.483957840815272,0.28239151092365
31,128,64,122,7,0.481404839042647,0.286298301149861
31,128,64,123,7,0.480484892814087,0.275260783555655
31,128,64,124,7,0.484642523265934,0.264402132121752
31,128,64,125,7,0.481241608604619,0.268055001411772
31,128,64,126,7,0.483334687306186,0.270882373758456
31,128,64,127,7,0.487741067226599,0.290703024609105
31,128,64,128,8,0.482767071528189,0.277151190568109
31,128,64,129,8,0.486996104810934,0.272551216595615
31,128,64,130,8,0.494161615521665,0.294948769026198
31,128,64,131,8,0.480352288789529,0.255399464163371
31,128,64,132,8,0.48402142405567,0.271675342305992
31,128,64,133,8,0.488184807996679,0.293135469730154
31,128,64,134,8,0.485493478703394,0.263030739175665
31,128,64,135,8,0.474648027881098,0.26463603700237
31,128,64,136,8,0.476526381831545,0.258749582844861
31,128,64,137,8,0.478799135078837,0.264964109070316
31,128,64,138,8,0.476733817284539,0.272041382778305
31,128,64,139,8,0.475028913221561,0.267599142909101
31,128,64,140,8,0.46610613597944,0.250777129641357
31,128,64,141,8,0.474101064470555,0.265332455937426
31,128,64,142,8,0.477547968023287,0.272325072307995
31,128,64,143,8,0.484121508372292,0.279088904406538
31,128,64,144,8,0.47337341366919,0.257416515298337
31,128,64,145,8,0.474680639667679,0.260093662149478
31,128,64,146,8,0.476021671542128,0.262984313379066
31,128,64,147,8,0.482093060503105,0.276396573261791
31,128,64,148,8,0.473915240281569,0.267255121606546
31,128,64,149,8,0.470192470212708,0.267551235289193
31,128,64,150,8,0.471339500974405,0.252157281596905
31,128,64,151,8,0.471667327709723,0.25811116953572
31,128,64,152,8,0.475640513542013,0.255548543082022
31,128,64,153,8,0.471861553409266,0.260607677087048
31,128,64,154,8,0.477212478599684,0.253374191490706
31,128,64,155,8,0.471167576896251,0.254866659887699
31,128,64,156,8,0.479154630316232,0.266436143552926
31,128,64,157,8,0.476656057023804,0.260153405050816
31,128,64,158,8,0.476386280373318,0.260944028261065
31,128,64,159,8,0.474954405298875,0.266174491966399
31,128,64,160,8,0.47667328318083,0.259760519558406
31,128,64,161,8,0.477191351724995,0.259185803855071
31,128,64,162,8,0.474095796498332,0.254311478358283
31,128,64,163,8,0.473540480245595,0.254981080394795
31,128,64,164,8,0.475097653552809,0.256224261777422
31,128,64,165,8,0.473630212883076,0.261066904950708
31,128,64,166,8,0.467176147257857,0.256851996690443
31,128,64,167,8,0.47412955825406,0.265897161161966
31,128,64,168,8,0.472829660740228,0.269220342619098
31,128,64,169,8,0.479169364906247,0.270701763204934
31,128,64,170,8,0.473226671731827,0.255603589196042
31,128,64,171,8,0.474194062897368,0.269902617181986
31,128,64,172,8,0.470680789731527,0.253496967812213
31,128,64,173,8,0.47164044285554,0.252257885882106
31,128,64,174,8,0.472440363917285,0.257748246524048
31,128,64,175,8,0.476656210955222,0.255158512405346
31,128,64,176,8,0.470760223826272,0.251894688469025
31,128,64,177,8,0.47709625023617,0.269953299975391
31,128,64,178,8,0.473083092203683,0.260979079089568
31,128,64,179,8,0.471819715830197,0.25541687369108
31,128,64,180,8,0.478473482601067,0.273162935754001
31,128,64,181,8,0.473534461398474,0.253407270520384
31,128,64,182,8,0.474492722930715,0.255228967800691
31,128,64,183,8,0.476644206617542,0.25536674786853
31,128,64,184,8,0.475419185831468,0.25728337884244
31,128,64,185,8,0.474270112341462,0.252342485108551
31,128,64,186,8,0.476113380556504,0.258380495735124
31,128,64,187,8,0.476622309344669,0.261060290367083
31,128,64,188,8,0.476495208846313,0.268372993052439
31,128,64,189,8,0.474954091299923,0.253984146467725
31,128,64,190,8,0.477343033590694,0.253860389513245
31,128,64,191,8,0.477881882892585,0.257082852538872
31,128,64,192,8,0.477339162688368,0.263014108016529
31,128,64,193,8,0.477939376380713,0.25932274094277
31,128,64,194,8,0.474062007965509,0.26523326572715
31,128,64,195,8,0.473865586916738,0.262581189460265
31,128,64,196,8,0.469574481785844,0.265851059611139
31,128,64,197,8,0.471532234685532,0.260304860511334
31,128,64,198,8,0.472194902232097,0.253320368048578
31,128,64,199,8,0.475044994729893,0.26473507721919
31,128,64,200,8,0.474279895226509,0.257925905673955
31,128,64,201,8,0.473281811050385,0.258168794346863
31,128,64,202,8,0.472556973592755,0.260217265549547
31,128,64,203,8,0.477089083385603,0.263178094101975
31,128,64,204,8,0.475392891996657,0.258903779110562
31,128,64,205,8,0.474017757717155,0.255142487507561
31,128,64,206,8,0.474264059766357,0.262738754379887
31,128,64,207,8,0.474291925479701,0.262327455241279
31,128,64,208,8,0.476894098701986,0.25484853097968
31,128,64,209,8,0.472479309853051,0.25865270582648
31,128,64,210,8,0.474519147754545,0.261937293064351
31,128,64,211,8,0.473602011351326,0.252653167814236
31,128,64,212,8,0.47509844228549,0.255702384718449
31,128,64,213,8,0.471457026996743,0.255373584423247
31,128,64,214,8,0.475945388354709,0.262238285894616
31,128,64,215,8,0.471314850902236,0.251156568050842
31,128,64,216,8,0.47604638775249,0.254348532172901
31,128,64,217,8,0.470436438756578,0.255591903559303
31,128,64,218,8,0.475427113424026,0.255161173517316
31,128,64,219,8,0.475861525397015,0.25338142731724
31,128,64,220,8,0.476551107899935,0.258427222502684
31,128,64,221,8,0.481384766026806,0.265218270870709
31,128,64,222,8,0.477877317403679,0.261699558862744
31,128,64,223,8,0.477272385693687,0.252428104875274
31,128,64,224,8,0.475423391655661,0.253027679921053
31,128,64,225,8,0.474629334696161,0.261266442714893
31,128,64,226,8,0.473321540681675,0.260814367418561
31,128,64,227,8,0.473216340085957,0.2529988730002
31,128,64,228,8,0.47152439999038,0.254380612693902
31,128,64,229,8,0.471110611499315,0.252734076828592
31,128,64,230,8,0.473225778496652,0.257427248137129
31,128,64,231,8,0.472365794320068,0.258145546999212
31,128,64,232,8,0.473322608166148,0.252983395543797
31,128,64,233,8,0.475708843677881,0.259123894086818
31,128,64,234,8,0.477292132837286,0.256480703189388
31,128,64,235,8,0.472706622961665,0.255566971427166
31,128,64,236,8,0.476627469802431,0.262878077364549
31,128,64,237,8,0.472837411217768,0.252207339901037
31,128,64,238,8,0.477942721187031,0.258788485292655
31,128,64,239,8,0.474199159698206,0.258433694746776
31,128,64,240,8,0.472054554758748,0.251690044256097
31,128,64,241,8,0.475460057105296,0.255960694325517
31,128,64,242,8,0.472968475154702,0.252556888877548
31,128,64,243,8,0.473217362638924,0.258491429570415
31,128,64,244,8,0.475192712167574,0.262001093142724
31,128,64,245,8,0.476794180435621,0.25517260050408
31,128,64,246,8,0.475307901968308,0.251848886706707
31,128,64,247,8,0.478329331701463,0.257938866035389
31,128,64,248,8,0.476382707469265,0.26095499637292
31,128,64,249,8,0.476377706536641,0.254916468094452
31,128,64,250,8,0.476711108306482,0.257706835545314
31,128,64,251,8,0.475996721647485,0.253641830716066
31,128,64,252,8,0.47638134884758,0.254853525945811
31,128,64,253,8,0.47605614418488,0.265337232287803
31,128,64,254,8,0.47488093494909,0.252296320169383
31,128,64,255,8,0.471963881335013,0.251404147377138
31,128,64,256,9,0.472941935693036,0.258542470288548
